date,home_team,away_team,home_score,away_score,HS,AS,HST,AST,HC,AC,B365H,B365D,B365A
2024-08-17,PAOK,Panserraikos,3,2,19,9,10,5,9,1,1.17,8.0,15.0
2024-08-17,Volos NFC,Olympiakos,0,2,6,18,2,7,3,3,10.0,5.0,1.3
2024-08-18,Levadeiakos,Athens Kallithea,0,0,12,2,3,0,2,5,2.45,2.88,3.2
2024-08-18,Panathinaikos,Asteras Tripolis,0,1,14,12,2,4,8,2,1.33,4.75,10.0
2024-08-18,Atromitos,Aris,1,1,8,10,6,2,3,4,2.88,3.2,2.5
2024-08-18,AEK,OFI Crete,3,0,18,4,5,1,6,1,1.22,6.0,13.0
2024-08-19,Panetolikos,Lamia,0,1,9,11,5,5,4,3,2.15,3.25,3.4
2024-08-24,OFI Crete,Atromitos,1,1,7,13,2,2,4,3,2.2,3.4,3.25
2024-08-24,Panserraikos,Aris,0,1,7,11,4,7,4,2,2.7,3.2,2.63
2024-08-24,AEK,Lamia,1,1,23,2,5,1,13,1,1.13,8.5,17.0
2024-08-25,Asteras Tripolis,Volos NFC,0,1,17,6,3,3,13,0,2.1,3.2,3.6
2024-08-25,PAOK,Panetolikos,2,0,17,5,10,2,4,1,1.22,6.5,11.0
2024-08-25,Panathinaikos,Levadeiakos,1,0,16,9,5,2,7,3,1.2,6.0,15.0
2024-08-26,Olympiakos,Athens Kallithea,2,1,13,8,5,4,7,3,1.11,8.0,21.0
2024-08-31,Lamia,Olympiakos,0,3,7,13,5,8,4,6,13.0,5.75,1.22
2024-08-31,Aris,Asteras Tripolis,1,1,15,13,12,10,4,3,1.65,3.6,5.5
2024-08-31,Panetolikos,Panserraikos,3,0,10,10,8,7,3,4,1.95,3.2,4.2
2024-09-01,Levadeiakos,AEK,0,3,9,17,5,13,1,6,11.0,5.5,1.27
2024-09-01,Volos NFC,OFI Crete,1,3,10,5,3,3,7,0,2.5,3.1,2.9
2024-09-01,Atromitos,PAOK,1,2,5,6,3,4,4,2,6.25,4.75,1.44
2024-09-01,Athens Kallithea,Panathinaikos,2,2,16,14,7,10,9,3,8.0,4.33,1.4
2024-09-14,Lamia,Athens Kallithea,0,0,9,10,3,5,1,3,2.25,3.2,3.3
2024-09-14,Asteras Tripolis,Atromitos,1,2,15,8,6,2,6,1,1.91,3.4,4.0
2024-09-15,Panserraikos,Levadeiakos,2,2,7,8,4,6,2,5,2.15,3.0,3.8
2024-09-15,Olympiakos,Panetolikos,0,0,20,7,5,0,8,0,1.14,8.0,17.0
2024-09-15,OFI Crete,Aris,3,2,10,15,7,6,6,7,3.1,3.3,2.3
2024-09-15,PAOK,Panathinaikos,0,0,10,5,4,4,6,4,1.83,3.4,4.5
2024-09-16,AEK,Volos NFC,2,0,9,8,6,2,3,5,1.11,10.0,16.0
2024-09-21,Volos NFC,PAOK,1,4,4,11,3,8,4,5,8.0,5.25,1.33
2024-09-21,Aris,Olympiakos,2,1,6,9,3,4,3,5,6.0,3.9,1.6
2024-09-21,Panetolikos,Asteras Tripolis,1,1,10,10,3,3,1,3,2.3,3.1,3.3
2024-09-22,Levadeiakos,OFI Crete,1,1,13,3,5,3,4,2,2.45,3.0,3.1
2024-09-22,Panathinaikos,Panserraikos,3,1,23,15,20,11,7,1,1.2,6.5,13.0
2024-09-22,Atromitos,Lamia,4,2,11,3,9,2,6,2,1.85,3.4,4.33
2024-09-22,Athens Kallithea,AEK,0,0,10,13,2,6,2,13,8.5,5.0,1.33
2024-09-28,Volos NFC,Athens Kallithea,1,1,11,3,6,2,6,4,2.3,3.3,3.0
2024-09-28,Asteras Tripolis,Levadeiakos,1,1,8,13,5,9,4,3,1.8,3.4,4.75
2024-09-29,OFI Crete,Panetolikos,1,2,7,10,4,4,4,2,1.91,3.5,4.0
2024-09-29,Olympiakos,Atromitos,2,0,12,4,7,2,5,5,1.25,5.5,12.0
2024-09-29,PAOK,Aris,0,1,12,9,3,8,5,5,1.7,3.7,5.0
2024-09-29,AEK,Panathinaikos,2,0,15,7,4,4,6,1,1.85,3.5,4.33
2024-09-30,Lamia,Panserraikos,1,2,10,12,2,8,6,5,2.55,3.3,2.75
2024-10-05,Atromitos,Volos NFC,1,2,9,4,3,4,5,1,1.85,3.2,4.75
2024-10-05,Panetolikos,AEK,1,0,9,16,6,5,4,4,10.0,4.75,1.33
2024-10-05,Aris,Lamia,2,0,9,7,7,2,4,1,1.48,4.1,7.0
2024-10-06,Panserraikos,OFI Crete,2,3,15,13,11,9,7,4,2.63,3.2,2.7
2024-10-06,Athens Kallithea,Asteras Tripolis,1,3,5,9,2,6,1,1,2.38,3.1,3.1
2024-10-06,Levadeiakos,PAOK,0,2,7,7,0,5,3,3,6.0,4.33,1.5
2024-10-06,Panathinaikos,Olympiakos,0,0,14,13,6,6,6,7,2.7,3.2,2.63
2024-10-19,Volos NFC,Panserraikos,0,1,11,12,7,7,8,5,2.15,3.0,3.7
2024-10-19,Atromitos,Panetolikos,0,2,15,8,10,6,8,2,1.75,3.4,4.75
2024-10-19,Lamia,Asteras Tripolis,0,0,8,6,3,3,6,5,3.4,3.25,2.15
2024-10-20,Olympiakos,Levadeiakos,2,2,13,3,9,2,7,2,1.22,6.0,12.0
2024-10-20,OFI Crete,Panathinaikos,0,1,8,6,4,3,3,4,5.5,3.8,1.62
2024-10-20,Aris,Athens Kallithea,2,0,19,4,13,2,10,0,1.55,3.9,6.0
2024-10-20,AEK,PAOK,1,1,7,4,1,2,5,2,2.05,3.4,3.7
2024-10-26,Panetolikos,Volos NFC,0,1,8,15,4,4,2,5,1.9,3.3,4.2
2024-10-26,Levadeiakos,Lamia,2,2,9,12,6,4,3,2,1.95,3.2,4.0
2024-10-26,Panserraikos,AEK,1,0,3,11,2,5,2,11,7.5,4.75,1.36
2024-10-27,Asteras Tripolis,Olympiakos,1,0,8,19,6,7,3,8,8.0,4.1,1.42
2024-10-27,Panathinaikos,Aris,1,1,10,8,5,1,5,2,1.73,3.5,4.75
2024-10-27,PAOK,OFI Crete,1,2,11,9,6,5,5,4,1.27,5.0,11.0
2024-10-27,Athens Kallithea,Atromitos,0,3,6,13,3,7,4,7,2.7,3.1,2.63
2024-11-02,Olympiakos,Panserraikos,2,1,15,5,10,2,8,1,1.17,7.0,19.0
2024-11-02,Athens Kallithea,Panetolikos,1,1,16,7,5,3,6,5,2.4,3.25,3.0
2024-11-03,Aris,Levadeiakos,3,1,10,8,7,5,0,5,1.55,4.0,6.25
2024-11-03,Volos NFC,Panathinaikos,0,1,9,11,2,5,2,6,6.5,4.2,1.5
2024-11-03,Atromitos,AEK,0,1,7,6,3,2,5,2,5.75,3.9,1.57
2024-11-03,Lamia,PAOK,1,2,6,14,4,8,1,9,8.0,5.0,1.36
2024-11-04,Asteras Tripolis,OFI Crete,3,0,10,11,6,4,6,5,2.05,3.4,3.5
2024-11-09,Panetolikos,Aris,2,1,8,5,4,2,7,4,3.5,3.4,2.1
2024-11-09,Panserraikos,Atromitos,2,3,9,5,5,4,3,3,3.25,3.1,2.3
2024-11-09,AEK,Asteras Tripolis,3,0,26,2,15,0,6,0,1.27,5.25,12.0
2024-11-10,OFI Crete,Athens Kallithea,2,2,9,20,6,8,2,7,1.9,3.5,4.0
2024-11-10,Levadeiakos,Volos NFC,3,2,13,3,7,2,6,1,2.25,3.1,3.4
2024-11-10,Panathinaikos,Lamia,1,0,11,3,5,3,7,1,1.3,5.0,11.0
2024-11-10,PAOK,Olympiakos,2,3,11,15,5,12,4,5,2.63,3.2,2.8
2024-11-22,Athens Kallithea,Panserraikos,1,2,17,14,6,4,8,1,2.05,3.3,3.7
2024-11-23,Lamia,OFI Crete,1,1,10,9,3,5,5,6,2.8,3.2,2.55
2024-11-23,Aris,Volos NFC,0,1,9,2,1,2,3,0,1.53,3.9,6.5
2024-11-24,Panetolikos,Panathinaikos,1,2,19,16,14,12,2,8,5.5,3.5,1.67
2024-11-24,Asteras Tripolis,PAOK,1,2,5,12,4,7,4,4,6.25,3.6,1.6
2024-11-24,Olympiakos,AEK,4,1,11,6,9,3,2,0,2.2,3.25,3.3
2024-11-25,Atromitos,Levadeiakos,2,1,5,8,5,4,4,6,1.73,3.5,5.0
2024-11-30,Volos NFC,Lamia,0,0,10,9,6,4,6,4,1.95,3.25,4.1
2024-11-30,Levadeiakos,Panetolikos,1,1,8,4,2,4,5,0,2.38,3.2,3.0
2024-11-30,AEK,Aris,4,0,20,3,5,0,7,0,1.45,4.1,7.5
2024-12-01,Panserraikos,Asteras Tripolis,2,1,20,14,15,11,7,5,2.8,3.25,2.5
2024-12-01,OFI Crete,Olympiakos,0,2,10,13,3,5,4,6,8.5,4.2,1.42
2024-12-01,PAOK,Athens Kallithea,2,2,8,9,5,4,7,4,1.25,6.0,11.0
2024-12-01,Panathinaikos,Atromitos,1,1,9,4,4,2,6,1,1.48,4.1,7.0
2024-12-07,Olympiakos,Volos NFC,3,0,15,1,8,0,5,1,1.13,8.5,19.0
2024-12-07,Aris,Atromitos,2,1,12,16,10,14,1,5,1.83,3.25,4.75
2024-12-08,Panserraikos,PAOK,1,4,4,19,3,14,4,7,9.5,4.75,1.33
2024-12-08,OFI Crete,AEK,1,2,4,7,4,5,0,14,7.5,4.33,1.42
2024-12-08,Asteras Tripolis,Panathinaikos,0,1,14,16,6,7,6,9,5.75,3.4,1.67
2024-12-08,Lamia,Panetolikos,0,1,11,6,9,2,5,1,2.75,3.2,2.6
2024-12-09,Athens Kallithea,Levadeiakos,2,4,8,8,6,6,6,5,2.45,3.0,3.2
2024-12-14,Lamia,AEK,0,1,2,11,1,3,2,8,13.0,5.75,1.22
2024-12-14,Atromitos,OFI Crete,0,0,9,2,3,0,4,2,1.9,3.3,4.33
2024-12-14,Volos NFC,Asteras Tripolis,2,1,4,12,3,6,1,10,2.5,3.1,2.9
2024-12-15,Aris,Panserraikos,1,0,22,15,13,11,6,3,1.5,4.33,6.0
2024-12-15,Levadeiakos,Panathinaikos,0,1,3,14,2,5,1,11,8.0,4.2,1.42
2024-12-15,Panetolikos,PAOK,0,1,5,11,2,8,3,7,7.0,4.1,1.48
2024-12-16,Athens Kallithea,Olympiakos,1,1,2,8,1,3,5,4,10.0,4.75,1.33
2024-12-21,Olympiakos,Lamia,1,0,17,5,5,3,8,0,1.14,7.5,19.0
2024-12-22,Panserraikos,Panetolikos,0,0,13,11,3,4,4,6,2.38,3.2,3.1
2024-12-22,Panathinaikos,Athens Kallithea,1,0,41,3,31,2,17,3,1.22,6.0,13.0
2024-12-22,PAOK,Atromitos,3,0,12,4,7,1,7,6,1.5,4.0,7.0
2024-12-22,AEK,Levadeiakos,1,1,26,4,10,2,9,2,1.18,6.5,17.0
2024-12-23,Asteras Tripolis,Aris,2,1,17,12,12,8,1,3,3.3,3.1,2.3
2024-12-23,OFI Crete,Volos NFC,4,0,11,7,7,2,3,5,2.15,3.2,3.6
2025-01-04,Athens Kallithea,Lamia,2,1,12,9,4,4,3,4,2.25,3.2,3.25
2025-01-05,Levadeiakos,Panserraikos,1,0,19,6,3,0,5,4,2.0,3.2,4.0
2025-01-05,Aris,OFI Crete,0,2,10,6,2,2,12,2,1.6,3.9,5.5
2025-01-05,Volos NFC,AEK,2,4,7,19,4,9,3,5,10.0,5.25,1.3
2025-01-05,Atromitos,Asteras Tripolis,0,1,7,13,1,1,4,8,1.95,3.4,3.8
2025-01-05,Panathinaikos,PAOK,2,1,19,3,10,2,9,2,2.15,3.3,3.4
2025-01-06,Panetolikos,Olympiakos,0,2,4,18,1,6,0,8,8.5,4.5,1.38
2025-01-11,Olympiakos,Aris,2,1,15,5,5,3,6,0,1.33,4.75,10.0
2025-01-12,Panserraikos,Panathinaikos,2,2,10,12,3,5,1,6,7.5,4.2,1.44
2025-01-12,Lamia,Atromitos,0,3,11,8,2,5,6,1,3.5,3.1,2.2
2025-01-12,PAOK,Volos NFC,1,2,17,9,4,6,15,3,1.22,5.75,13.0
2025-01-12,AEK,Athens Kallithea,2,0,25,6,4,1,9,3,1.14,8.5,15.0
2025-01-13,Asteras Tripolis,Panetolikos,2,0,9,11,4,6,4,4,2.1,3.2,3.6
2025-01-13,OFI Crete,Levadeiakos,0,0,23,11,5,3,3,5,2.1,3.2,3.6
2025-01-18,Athens Kallithea,Volos NFC,2,0,13,13,4,2,3,3,2.38,3.0,3.3
2025-01-19,Atromitos,Olympiakos,1,2,5,17,2,8,3,5,6.5,3.9,1.53
2025-01-19,Levadeiakos,Asteras Tripolis,1,2,6,10,3,3,2,5,2.5,3.0,3.1
2025-01-19,Panetolikos,OFI Crete,1,0,10,9,4,4,4,4,2.4,3.2,3.0
2025-01-19,Aris,PAOK,0,0,12,15,2,5,5,3,3.6,3.2,2.1
2025-01-19,Panathinaikos,AEK,1,0,5,9,2,2,0,7,2.8,3.1,2.7
2025-01-20,Panserraikos,Lamia,2,0,17,8,6,1,4,3,1.95,3.3,4.0
2025-01-24,Volos NFC,Atromitos,0,1,9,6,2,2,4,2,3.2,2.9,2.5
2025-01-25,Asteras Tripolis,Athens Kallithea,1,0,15,8,5,3,7,3,1.91,3.3,4.33
2025-01-25,OFI Crete,Panserraikos,3,2,22,16,10,5,9,8,2.05,3.3,3.8
2025-01-25,AEK,Panetolikos,1,0,15,5,4,1,7,4,1.17,6.5,19.0
2025-01-26,Lamia,Aris,0,2,5,18,1,8,3,7,4.75,3.1,1.9
2025-01-26,PAOK,Levadeiakos,1,0,13,10,1,5,10,3,1.29,5.25,11.0
2025-01-26,Olympiakos,Panathinaikos,1,1,10,8,4,4,2,2,1.9,3.3,4.5
2025-02-01,Panathinaikos,OFI Crete,3,2,20,8,10,5,13,1,1.3,5.0,11.0
2025-02-01,Panserraikos,Volos NFC,1,1,8,13,4,5,4,4,2.15,3.3,3.4
2025-02-02,Levadeiakos,Olympiakos,0,1,7,14,3,3,3,6,8.5,4.2,1.4
2025-02-02,Athens Kallithea,Aris,0,1,16,11,1,1,10,4,4.33,3.1,1.95
2025-02-02,PAOK,AEK,1,2,10,15,5,6,3,3,2.6,3.2,2.7
2025-02-02,Panetolikos,Atromitos,0,1,4,20,0,8,0,5,3.0,2.9,2.6
2025-02-03,Asteras Tripolis,Lamia,1,0,11,9,3,1,3,4,1.67,3.5,5.5
2025-02-08,Volos NFC,Panetolikos,0,1,13,7,1,2,7,1,2.35,2.88,3.6
2025-02-08,OFI Crete,PAOK,0,5,6,23,1,12,4,5,3.7,3.5,1.95
2025-02-09,Olympiakos,Asteras Tripolis,1,1,24,4,5,2,12,0,1.29,5.0,12.0
2025-02-09,Aris,Panathinaikos,2,0,13,11,6,2,5,7,4.0,3.4,1.91
2025-02-09,AEK,Panserraikos,5,0,27,10,11,4,10,1,1.14,8.5,17.0
2025-02-10,Atromitos,Athens Kallithea,1,2,17,11,6,3,10,6,1.85,3.2,5.0
2025-02-10,Lamia,Levadeiakos,0,2,17,9,2,6,9,5,3.3,3.1,2.35
2025-02-15,OFI Crete,Asteras Tripolis,2,1,19,4,6,2,4,4,2.38,3.2,3.0
2025-02-15,AEK,Atromitos,2,1,22,7,4,3,6,0,1.22,5.5,15.0
2025-02-16,Levadeiakos,Aris,4,1,13,8,6,1,6,3,3.6,3.25,2.1
2025-02-16,Panathinaikos,Volos NFC,2,1,18,6,7,2,6,3,1.25,5.5,12.0
2025-02-16,Panserraikos,Olympiakos,0,4,5,20,1,10,0,7,15.0,5.75,1.2
2025-02-16,PAOK,Lamia,7,0,18,5,10,1,8,3,1.14,7.0,19.0
2025-02-16,Panetolikos,Athens Kallithea,2,0,14,10,3,5,6,3,2.3,3.0,3.4
2025-02-22,Athens Kallithea,OFI Crete,1,3,18,9,8,6,10,3,2.4,3.2,3.0
2025-02-22,Atromitos,Panserraikos,1,0,15,8,5,4,6,4,1.73,3.5,5.0
2025-02-22,Volos NFC,Levadeiakos,1,2,8,10,1,3,4,2,2.35,2.9,3.4
2025-02-23,Aris,Panetolikos,2,1,23,7,10,1,4,6,1.55,3.9,6.0
2025-02-23,Lamia,Panathinaikos,3,1,8,21,4,9,5,6,10.0,4.75,1.33
2025-02-23,Asteras Tripolis,AEK,0,3,2,15,0,6,0,2,7.0,3.9,1.5
2025-02-23,Olympiakos,PAOK,2,1,18,8,6,6,2,3,1.65,3.75,5.25
2025-03-01,Panserraikos,Athens Kallithea,2,1,16,12,7,5,7,3,2.5,3.3,2.8
2025-03-01,Volos NFC,Aris,1,1,8,10,4,7,8,4,3.7,3.0,2.2
2025-03-01,Panathinaikos,Panetolikos,2,0,19,10,8,2,5,4,1.22,5.5,15.0
2025-03-02,Levadeiakos,Atromitos,1,2,12,7,4,3,7,2,2.75,2.9,2.9
2025-03-02,OFI Crete,Lamia,3,0,17,13,6,5,5,3,1.53,4.0,6.25
2025-03-02,PAOK,Asteras Tripolis,2,0,13,5,4,3,5,6,1.3,4.75,12.0
2025-03-02,AEK,Olympiakos,0,1,6,6,0,3,1,0,2.63,3.1,2.8
2025-03-09,Aris,AEK,0,0,5,12,2,4,4,3,5.5,3.4,1.7
2025-03-09,Asteras Tripolis,Panserraikos,1,2,11,8,2,5,6,1,1.8,3.4,4.75
2025-03-09,Athens Kallithea,PAOK,2,1,16,12,7,2,5,7,8.5,4.2,1.42
2025-03-09,Atromitos,Panathinaikos,1,1,11,14,5,6,2,3,4.33,3.5,1.83
2025-03-09,Lamia,Volos NFC,1,0,3,17,1,3,0,8,6.25,3.3,1.67
2025-03-09,Olympiakos,OFI Crete,1,0,23,5,9,2,9,1,1.2,6.0,15.0
2025-03-09,Panetolikos,Levadeiakos,0,0,19,14,5,3,4,4,2.1,3.1,3.75
2025-03-29,OFI Crete,Atromitos,1,2,14,13,2,5,7,2,2.25,3.25,3.3
2025-03-29,Athens Kallithea,Volos NFC,1,1,9,7,3,4,4,4,2.25,3.1,3.6
2025-03-29,Asteras Tripolis,Aris,0,2,5,15,2,4,3,3,3.0,2.9,2.6
2025-03-29,Panetolikos,Levadeiakos,1,2,5,19,2,3,2,4,2.7,2.8,3.1
2025-03-30,Panserraikos,Lamia,1,1,15,10,4,2,8,3,1.82,3.25,4.75
2025-03-30,AEK,PAOK,2,3,12,8,2,3,3,1,2.1,3.4,3.6
2025-03-30,Olympiakos,Panathinaikos,4,2,11,8,7,3,3,0,1.69,3.5,5.25
2025-04-05,Levadeiakos,Panserraikos,3,0,21,6,11,0,3,5,1.85,3.4,4.33
2025-04-05,Aris,OFI Crete,2,0,20,6,9,1,9,2,1.7,3.4,5.75
2025-04-05,Lamia,Athens Kallithea,0,2,4,12,1,3,1,4,4.33,3.2,1.95
2025-04-06,Volos NFC,Panetolikos,0,0,13,5,3,1,3,2,2.35,2.9,3.5
2025-04-06,PAOK,Olympiakos,2,1,7,7,2,0,2,5,2.55,3.0,3.0
2025-04-06,Panathinaikos,AEK,3,1,9,22,5,5,2,14,2.88,3.0,2.7
2025-04-07,Atromitos,Asteras Tripolis,0,1,16,9,6,3,5,1,2.05,3.1,4.1
2025-04-12,Panetolikos,Lamia,1,0,15,13,2,5,3,5,1.83,3.2,4.75
2025-04-12,Panserraikos,Athens Kallithea,3,1,18,4,7,1,5,2,2.55,3.1,2.88
2025-04-12,Volos NFC,Levadeiakos,1,0,8,3,4,1,6,1,1.6,3.9,5.25
2025-04-13,Asteras Tripolis,OFI Crete,2,1,15,3,6,2,9,3,2.2,3.25,3.4
2025-04-13,Panathinaikos,PAOK,3,1,10,8,5,2,4,3,2.3,3.2,3.25
2025-04-13,Aris,Atromitos,1,0,5,13,3,3,7,3,1.73,3.6,5.0
2025-04-13,Olympiakos,AEK,1,0,8,1,2,0,5,0,1.91,3.3,4.2
2025-04-23,Lamia,Volos NFC,1,3,3,17,1,5,0,11,7.0,4.1,1.48
2025-04-23,Panserraikos,Panetolikos,1,1,18,14,11,6,7,5,2.1,3.1,3.75
2025-04-23,Athens Kallithea,Levadeiakos,0,3,12,9,3,3,4,4,1.9,3.3,4.2
2025-04-26,Atromitos,Aris,1,1,19,11,6,4,6,5,2.8,3.2,2.55
2025-04-26,OFI Crete,Asteras Tripolis,0,2,21,17,5,9,7,3,2.6,3.2,2.75
2025-04-27,AEK,Olympiakos,0,2,19,6,8,3,8,1,2.25,3.0,3.5
2025-04-27,PAOK,Panathinaikos,2,1,14,2,8,1,8,2,1.91,3.4,4.0
2025-04-28,Levadeiakos,Lamia,0,0,11,2,2,0,3,3,1.38,4.33,8.5
2025-04-28,Panetolikos,Athens Kallithea,0,1,10,8,4,6,2,6,2.63,3.2,2.7
2025-04-28,Volos NFC,Panserraikos,3,0,14,8,6,3,8,4,1.65,3.7,5.75
2025-05-03,Asteras Tripolis,Atromitos,1,4,22,7,9,5,10,2,2.05,3.2,3.9
2025-05-03,OFI Crete,Aris,1,1,13,14,3,7,8,1,3.8,3.6,1.91
2025-05-04,AEK,Panathinaikos,1,2,15,10,3,5,5,2,2.0,3.4,3.75
2025-05-04,Olympiakos,PAOK,4,2,10,10,4,3,4,4,2.7,3.3,2.55
2025-05-05,Athens Kallithea,Panetolikos,0,0,14,6,2,0,10,4,1.91,3.1,4.5
2025-05-05,Panserraikos,Volos NFC,3,0,19,12,6,6,3,4,1.53,3.6,7.5
2025-05-05,Lamia,Levadeiakos,2,3,7,13,3,5,4,4,5.5,3.6,1.67
2025-05-10,Lamia,Panserraikos,2,1,13,7,2,2,7,5,5.75,4.1,1.52
2025-05-10,Levadeiakos,Athens Kallithea,4,1,15,9,9,2,2,9,2.25,3.3,3.2
2025-05-10,Aris,Asteras Tripolis,4,2,12,8,7,4,2,2,1.63,3.6,5.25
2025-05-10,Atromitos,OFI Crete,0,0,11,11,4,3,4,4,1.8,3.4,4.33
2025-05-10,Panetolikos,Volos NFC,0,3,13,16,1,8,3,6,4.75,3.2,1.85
2025-05-11,Panathinaikos,Olympiakos,0,1,14,9,5,6,8,5,2.4,3.25,2.9
2025-05-11,PAOK,AEK,1,0,9,10,4,1,3,4,2.25,3.25,3.2
2025-05-14,Levadeiakos,Panetolikos,1,2,15,10,1,2,8,5,1.8,3.25,5.0
2025-05-14,Athens Kallithea,Panserraikos,1,1,6,13,3,3,3,2,1.75,3.75,4.33
2025-05-14,Volos NFC,Lamia,3,0,18,4,6,1,4,0,1.2,6.5,15.0
2025-05-18,Panserraikos,Levadeiakos,0,1,14,19,3,4,3,5,2.1,3.3,3.4
2025-05-18,Lamia,Panetolikos,1,3,9,11,2,3,2,4,3.5,3.0,2.2
2025-05-18,Volos NFC,Athens Kallithea,0,2,14,9,2,5,6,3,2.1,3.25,3.6
2023-08-18,Volos NFC,Lamia,2,2,8.0,13.0,4.0,8.0,7.0,0.0,2.45,3.1,3.2
2023-08-20,Giannina,Kifisia,3,0,10.0,4.0,7.0,0.0,7.0,2.0,2.25,3.1,3.5
2023-08-20,OFI Crete,Aris,3,2,13.0,16.0,4.0,7.0,3.0,4.0,2.4,3.4,3.0
2023-08-20,PAOK,Asteras Tripolis,3,0,13.0,9.0,6.0,2.0,3.0,1.0,1.3,5.0,12.0
2023-08-20,Olympiakos,Panserraikos,2,0,29.0,5.0,3.0,2.0,8.0,3.0,1.18,6.5,19.0
2023-08-25,Panetolikos,Giannina,0,0,17.0,8.0,7.0,2.0,2.0,3.0,2.45,3.1,3.1
2023-08-26,Asteras Tripolis,OFI Crete,3,0,12.0,16.0,4.0,6.0,3.0,4.0,2.3,3.2,3.3
2023-08-26,Panathinaikos,Volos NFC,3,0,14.0,5.0,8.0,3.0,6.0,1.0,1.29,5.0,13.0
2023-08-26,AEK,Panserraikos,1,1,29.0,7.0,10.0,4.0,12.0,1.0,1.17,7.5,15.0
2023-08-27,Lamia,Aris,1,0,7.0,7.0,4.0,3.0,2.0,2.0,3.6,3.25,2.1
2023-08-27,PAOK,Kifisia,2,1,19.0,6.0,8.0,3.0,8.0,5.0,1.2,6.0,17.0
2023-08-27,Olympiakos,Atromitos,4,0,24.0,3.0,9.0,1.0,5.0,2.0,1.29,5.5,10.0
2023-09-01,Kifisia,Atromitos,2,1,14.0,13.0,7.0,9.0,5.0,8.0,2.63,3.3,2.7
2023-09-02,Panserraikos,Panetolikos,1,1,14.0,8.0,3.0,4.0,4.0,6.0,2.3,3.4,3.1
2023-09-03,Aris,Asteras Tripolis,3,2,10.0,4.0,6.0,4.0,3.0,5.0,1.53,3.8,7.0
2023-09-03,OFI Crete,PAOK,1,0,7.0,12.0,2.0,4.0,1.0,5.0,5.5,3.75,1.67
2023-09-03,Olympiakos,Lamia,4,0,17.0,8.0,8.0,3.0,5.0,2.0,1.3,5.5,10.0
2023-09-03,Volos NFC,AEK,2,3,7.0,11.0,5.0,7.0,3.0,8.0,12.0,6.0,1.25
2023-09-03,Giannina,Panathinaikos,0,1,11.0,11.0,4.0,2.0,2.0,8.0,6.0,3.75,1.62
2023-09-16,Lamia,OFI Crete,2,2,7.0,12.0,2.0,4.0,6.0,7.0,2.75,3.25,2.7
2023-09-16,Panetolikos,Panathinaikos,0,5,11.0,18.0,4.0,10.0,3.0,6.0,8.0,4.0,1.5
2023-09-17,Asteras Tripolis,Giannina,2,2,10.0,7.0,4.0,6.0,8.0,1.0,2.1,3.2,3.8
2023-09-17,Kifisia,Panserraikos,4,4,19.0,9.0,6.0,4.0,3.0,3.0,2.05,3.4,3.6
2023-09-17,PAOK,Aris,0,0,10.0,8.0,3.0,4.0,7.0,1.0,1.53,3.8,7.0
2023-09-17,AEK,Olympiakos,1,1,9.0,7.0,4.0,3.0,5.0,5.0,2.2,3.4,3.3
2023-09-18,Atromitos,Volos NFC,1,1,8.0,10.0,1.0,1.0,4.0,1.0,1.8,3.6,4.5
2023-09-23,OFI Crete,Atromitos,1,1,16.0,9.0,5.0,4.0,8.0,4.0,2.1,3.2,3.8
2023-09-23,Panserraikos,Lamia,2,0,14.0,4.0,7.0,1.0,3.0,1.0,2.3,3.2,3.3
2023-09-24,Olympiakos,Kifisia,4,0,13.0,8.0,7.0,2.0,7.0,1.0,1.17,8.0,15.0
2023-09-24,Aris,Panetolikos,3,0,14.0,5.0,6.0,3.0,6.0,5.0,1.5,4.0,7.0
2023-09-24,Volos NFC,Asteras Tripolis,1,2,13.0,16.0,7.0,6.0,1.0,5.0,2.7,3.2,2.7
2023-09-24,Giannina,PAOK,1,3,10.0,10.0,3.0,5.0,8.0,6.0,5.75,3.6,1.67
2023-09-25,Panathinaikos,AEK,1,2,10.0,15.0,5.0,4.0,6.0,6.0,2.3,3.2,3.3
2023-09-27,Panetolikos,OFI Crete,1,1,18.0,21.0,6.0,10.0,3.0,7.0,3.1,3.1,2.45
2023-09-27,Kifisia,Lamia,1,1,17.0,8.0,4.0,4.0,6.0,8.0,2.3,3.1,3.3
2023-09-27,Olympiakos,Aris,4,1,20.0,7.0,5.0,1.0,8.0,1.0,1.4,4.2,9.5
2023-09-27,PAOK,Volos NFC,3,0,17.0,5.0,10.0,2.0,5.0,3.0,1.2,7.5,12.0
2023-09-28,Panserraikos,Giannina,3,2,12.0,6.0,6.0,3.0,4.0,4.0,2.2,3.2,3.5
2023-09-28,Asteras Tripolis,Panathinaikos,1,4,9.0,9.0,4.0,7.0,2.0,4.0,6.0,3.4,1.67
2023-09-28,AEK,Atromitos,2,1,18.0,5.0,8.0,2.0,6.0,1.0,1.17,7.0,17.0
2023-10-01,Lamia,Panetolikos,1,0,7.0,13.0,3.0,1.0,2.0,5.0,1.91,3.3,4.33
2023-10-01,Aris,Kifisia,1,1,12.0,10.0,6.0,4.0,5.0,3.0,1.44,4.2,8.0
2023-10-01,Panathinaikos,PAOK,2,2,22.0,5.0,13.0,2.0,7.0,2.0,1.91,3.3,4.33
2023-10-01,Giannina,Olympiakos,0,3,5.0,25.0,0.0,9.0,2.0,6.0,8.0,4.33,1.44
2023-10-02,Atromitos,Asteras Tripolis,0,0,8.0,8.0,1.0,4.0,4.0,5.0,2.25,3.1,3.5
2023-10-02,OFI Crete,AEK,2,0,7.0,14.0,5.0,4.0,2.0,4.0,7.0,3.8,1.53
2023-10-08,AEK,Panetolikos,3,0,23.0,7.0,9.0,4.0,9.0,5.0,1.08,12.0,21.0
2023-10-08,Panathinaikos,Atromitos,5,0,14.0,5.0,10.0,1.0,2.0,1.0,1.25,5.5,15.0
2023-10-20,Lamia,Giannina,2,1,15.0,12.0,7.0,2.0,4.0,3.0,2.2,3.0,3.75
2023-10-21,Panetolikos,Volos NFC,2,0,13.0,11.0,6.0,1.0,3.0,6.0,2.15,3.25,3.6
2023-10-21,Aris,Panserraikos,1,0,20.0,5.0,6.0,2.0,8.0,2.0,1.44,4.2,7.5
2023-10-22,Asteras Tripolis,AEK,0,3,4.0,15.0,1.0,5.0,2.0,3.0,9.0,4.0,1.44
2023-10-22,Kifisia,OFI Crete,0,0,8.0,9.0,2.0,3.0,5.0,4.0,3.1,3.25,2.4
2023-10-22,Olympiakos,Panathinaikos,0,3,,,,,,,1.91,3.2,4.5
2023-10-22,PAOK,Atromitos,2,0,15.0,6.0,5.0,3.0,8.0,1.0,1.29,5.0,13.0
2023-10-28,Volos NFC,Kifisia,2,1,17.0,9.0,6.0,2.0,4.0,8.0,2.3,3.3,3.25
2023-10-28,Atromitos,Panetolikos,3,2,10.0,6.0,5.0,3.0,1.0,2.0,1.8,3.5,4.75
2023-10-29,Asteras Tripolis,Lamia,0,1,11.0,10.0,5.0,4.0,5.0,2.0,1.95,3.2,4.5
2023-10-29,Panathinaikos,Panserraikos,5,0,13.0,7.0,6.0,1.0,7.0,1.0,1.22,5.75,15.0
2023-10-29,Aris,Giannina,2,0,17.0,2.0,7.0,0.0,6.0,1.0,1.44,4.2,8.5
2023-10-30,AEK,PAOK,2,0,15.0,4.0,3.0,2.0,5.0,2.0,1.73,3.5,5.25
2023-10-30,OFI Crete,Olympiakos,0,2,4.0,13.0,0.0,3.0,2.0,3.0,6.5,4.0,1.55
2023-11-04,Lamia,Panathinaikos,1,2,13.0,9.0,4.0,6.0,3.0,3.0,8.0,4.2,1.45
2023-11-04,Kifisia,AEK,1,1,7.0,18.0,2.0,6.0,5.0,8.0,13.0,8.0,1.18
2023-11-05,Panetolikos,Asteras Tripolis,0,1,15.0,4.0,4.0,3.0,8.0,3.0,3.0,3.1,2.55
2023-11-05,Giannina,Volos NFC,1,1,12.0,11.0,3.0,2.0,4.0,7.0,1.95,3.25,4.33
2023-11-05,Olympiakos,PAOK,2,4,11.0,10.0,6.0,5.0,7.0,2.0,1.53,3.8,7.0
2023-11-05,Aris,Atromitos,1,3,16.0,8.0,5.0,6.0,9.0,2.0,1.53,3.8,7.0
2023-11-06,Panserraikos,OFI Crete,2,1,9.0,15.0,4.0,3.0,4.0,4.0,2.7,3.3,2.63
2023-11-11,OFI Crete,Giannina,1,1,13.0,18.0,5.0,7.0,2.0,4.0,1.7,3.6,5.5
2023-11-11,Atromitos,Panserraikos,1,1,12.0,7.0,3.0,2.0,5.0,1.0,1.95,3.5,4.0
2023-11-11,Volos NFC,Aris,0,2,14.0,7.0,5.0,3.0,5.0,7.0,4.75,3.6,1.8
2023-11-12,PAOK,Panetolikos,2,1,9.0,8.0,2.0,2.0,4.0,1.0,1.2,6.5,17.0
2023-11-12,AEK,Lamia,3,0,12.0,5.0,5.0,1.0,4.0,4.0,1.2,6.5,15.0
2023-11-12,Asteras Tripolis,Olympiakos,0,2,5.0,13.0,2.0,4.0,2.0,5.0,7.0,4.33,1.45
2023-11-12,Kifisia,Panathinaikos,0,1,4.0,14.0,2.0,6.0,0.0,9.0,12.0,6.0,1.25
2023-11-24,OFI Crete,Volos NFC,1,1,16.0,10.0,6.0,3.0,6.0,2.0,1.73,3.8,4.5
2023-11-25,Olympiakos,Panetolikos,3,1,9.0,8.0,4.0,4.0,3.0,2.0,1.13,8.0,19.0
2023-11-25,PAOK,Panserraikos,5,0,16.0,7.0,11.0,2.0,8.0,3.0,1.22,6.0,13.0
2023-11-26,Kifisia,Asteras Tripolis,1,3,17.0,5.0,6.0,4.0,7.0,2.0,2.45,3.2,2.9
2023-11-26,Giannina,AEK,0,1,8.0,20.0,4.0,7.0,3.0,6.0,9.0,5.0,1.33
2023-11-26,Lamia,Atromitos,3,3,12.0,11.0,7.0,6.0,3.0,8.0,2.3,3.3,3.1
2023-11-26,Aris,Panathinaikos,2,0,8.0,14.0,4.0,8.0,1.0,9.0,3.5,3.3,2.1
2023-11-29,Volos NFC,Panserraikos,1,0,11.0,11.0,5.0,4.0,3.0,5.0,2.4,3.4,2.9
2023-12-02,Panetolikos,Kifisia,3,0,14.0,8.0,7.0,4.0,5.0,6.0,2.2,3.25,3.5
2023-12-02,Asteras Tripolis,Panserraikos,1,0,9.0,16.0,2.0,4.0,5.0,3.0,1.95,3.25,4.2
2023-12-03,Volos NFC,Olympiakos,2,2,10.0,11.0,4.0,3.0,2.0,6.0,15.0,6.5,1.2
2023-12-03,Atromitos,Giannina,1,1,12.0,9.0,4.0,3.0,2.0,2.0,2.2,3.25,3.4
2023-12-03,Panathinaikos,OFI Crete,4,0,16.0,5.0,9.0,3.0,2.0,3.0,1.25,6.0,11.0
2023-12-04,PAOK,Lamia,3,0,17.0,11.0,8.0,6.0,5.0,5.0,1.22,5.5,17.0
2023-12-04,AEK,Aris,1,0,17.0,7.0,4.0,1.0,9.0,2.0,1.4,4.5,8.5
2023-12-16,Kifisia,Giannina,4,2,12.0,9.0,10.0,5.0,3.0,7.0,2.38,3.1,3.25
2023-12-17,Aris,OFI Crete,1,0,17.0,6.0,7.0,1.0,6.0,5.0,1.62,4.0,5.5
2023-12-17,Asteras Tripolis,PAOK,1,4,10.0,13.0,3.0,8.0,7.0,4.0,5.5,4.0,1.62
2023-12-17,Lamia,Volos NFC,1,2,10.0,8.0,4.0,4.0,6.0,2.0,1.85,3.6,4.2
2023-12-17,Atromitos,Panathinaikos,3,2,9.0,12.0,4.0,4.0,1.0,7.0,6.5,4.0,1.53
2023-12-18,Panetolikos,AEK,2,2,6.0,19.0,3.0,7.0,2.0,9.0,9.0,5.5,1.3
2023-12-18,Panserraikos,Olympiakos,0,1,5.0,13.0,2.0,3.0,3.0,5.0,8.5,5.0,1.36
2023-12-20,Aris,Lamia,2,2,22.0,8.0,11.0,3.0,10.0,3.0,1.53,3.8,7.0
2023-12-20,Volos NFC,Panathinaikos,0,3,3.0,14.0,0.0,6.0,3.0,4.0,8.0,5.0,1.36
2023-12-21,Giannina,Panetolikos,0,0,11.0,4.0,3.0,1.0,7.0,6.0,2.1,3.2,4.0
2023-12-21,Panserraikos,AEK,2,2,10.0,14.0,7.0,6.0,5.0,3.0,10.0,5.75,1.29
2023-12-21,OFI Crete,Asteras Tripolis,0,2,19.0,14.0,5.0,6.0,9.0,4.0,2.05,3.2,4.0
2023-12-21,Kifisia,PAOK,0,6,7.0,14.0,2.0,10.0,1.0,4.0,8.0,4.75,1.4
2023-12-21,Atromitos,Olympiakos,0,0,3.0,18.0,1.0,4.0,0.0,9.0,8.5,4.5,1.44
2024-01-03,Asteras Tripolis,Aris,3,2,10.0,8.0,3.0,3.0,5.0,1.0,3.25,3.1,2.4
2024-01-03,Lamia,Olympiakos,1,0,14.0,13.0,7.0,5.0,7.0,5.0,9.5,4.75,1.36
2024-01-03,AEK,Volos NFC,3,0,10.0,4.0,4.0,2.0,9.0,3.0,1.13,7.5,26.0
2024-01-03,Panathinaikos,Giannina,2,0,13.0,7.0,7.0,3.0,8.0,3.0,1.18,7.0,17.0
2024-01-03,PAOK,OFI Crete,4,0,15.0,14.0,10.0,7.0,6.0,2.0,1.22,6.5,10.0
2024-01-04,Panetolikos,Panserraikos,3,2,18.0,9.0,6.0,3.0,4.0,3.0,2.25,3.2,3.5
2024-01-04,Atromitos,Kifisia,3,0,12.0,11.0,7.0,2.0,1.0,10.0,1.83,3.4,4.5
2024-01-07,Panserraikos,Kifisia,1,1,8.0,13.0,1.0,5.0,3.0,3.0,2.05,3.3,3.8
2024-01-07,Volos NFC,Atromitos,1,2,7.0,14.0,4.0,6.0,2.0,8.0,2.55,3.2,2.9
2024-01-07,Panathinaikos,Panetolikos,2,1,12.0,8.0,5.0,5.0,4.0,3.0,1.18,6.5,19.0
2024-01-07,Giannina,Asteras Tripolis,2,1,14.0,9.0,5.0,3.0,7.0,3.0,2.5,3.25,2.9
2024-01-07,Aris,PAOK,2,1,13.0,9.0,4.0,2.0,4.0,5.0,4.0,3.5,1.95
2024-01-07,Olympiakos,AEK,1,2,7.0,10.0,3.0,3.0,5.0,9.0,2.63,3.3,2.7
2024-01-08,OFI Crete,Lamia,1,1,18.0,4.0,7.0,3.0,7.0,1.0,1.85,3.3,4.75
2024-01-13,Atromitos,OFI Crete,1,1,10.0,12.0,2.0,4.0,5.0,7.0,2.2,3.4,3.25
2024-01-13,Lamia,Panserraikos,0,2,9.0,7.0,3.0,4.0,2.0,1.0,2.1,3.1,4.0
2024-01-14,Panetolikos,Aris,0,4,13.0,15.0,4.0,7.0,4.0,6.0,2.63,3.2,2.75
2024-01-14,Kifisia,Olympiakos,2,3,6.0,13.0,4.0,9.0,2.0,4.0,11.0,5.0,1.33
2024-01-14,Asteras Tripolis,Volos NFC,1,0,10.0,11.0,2.0,2.0,6.0,4.0,1.95,3.25,4.33
2024-01-14,AEK,Panathinaikos,2,2,15.0,8.0,5.0,2.0,7.0,2.0,1.91,3.5,4.0
2024-01-14,PAOK,Giannina,4,0,19.0,4.0,9.0,0.0,9.0,2.0,1.18,7.5,13.0
2024-01-20,Lamia,Kifisia,4,1,11.0,9.0,6.0,3.0,6.0,8.0,1.95,3.2,4.33
2024-01-20,Giannina,Panserraikos,0,2,10.0,11.0,3.0,6.0,9.0,5.0,2.15,3.0,3.75
2024-01-20,OFI Crete,Panetolikos,1,0,4.0,7.0,1.0,2.0,1.0,1.0,1.91,3.2,4.75
2024-01-21,Volos NFC,PAOK,1,5,11.0,14.0,3.0,7.0,1.0,5.0,7.0,4.33,1.45
2024-01-21,Atromitos,AEK,0,5,9.0,16.0,3.0,9.0,7.0,7.0,9.0,4.33,1.4
2024-01-21,Panathinaikos,Asteras Tripolis,2,0,17.0,9.0,7.0,2.0,9.0,3.0,1.3,4.75,12.0
2024-01-21,Aris,Olympiakos,1,2,3.0,11.0,1.0,3.0,1.0,1.0,4.75,3.3,1.85
2024-01-27,Panetolikos,Lamia,1,2,14.0,13.0,2.0,5.0,4.0,5.0,2.2,3.3,3.4
2024-01-27,Panserraikos,Volos NFC,2,2,13.0,5.0,8.0,4.0,2.0,2.0,2.2,3.2,3.5
2024-01-27,Kifisia,Aris,0,1,14.0,6.0,5.0,4.0,8.0,3.0,6.5,3.8,1.57
2024-01-28,AEK,OFI Crete,3,0,17.0,9.0,8.0,4.0,13.0,4.0,1.29,5.5,11.0
2024-01-28,Asteras Tripolis,Atromitos,3,1,9.0,10.0,6.0,2.0,5.0,3.0,2.15,3.3,3.5
2024-01-28,Olympiakos,Giannina,3,1,16.0,7.0,8.0,2.0,8.0,3.0,1.22,6.0,15.0
2024-01-28,PAOK,Panathinaikos,2,1,9.0,10.0,4.0,5.0,3.0,6.0,2.25,3.3,3.25
2024-02-03,Volos NFC,Panetolikos,1,1,9.0,8.0,6.0,3.0,5.0,5.0,2.3,3.3,3.25
2024-02-03,Panserraikos,Aris,1,1,11.0,9.0,7.0,5.0,4.0,0.0,3.6,3.3,2.15
2024-02-04,OFI Crete,Kifisia,1,2,9.0,11.0,3.0,4.0,3.0,6.0,1.75,3.75,4.75
2024-02-04,AEK,Asteras Tripolis,4,2,18.0,7.0,7.0,2.0,6.0,5.0,1.22,6.0,15.0
2024-02-04,Giannina,Lamia,1,4,15.0,12.0,5.0,8.0,11.0,4.0,2.38,3.1,3.25
2024-02-04,Atromitos,PAOK,0,2,0.0,15.0,0.0,4.0,2.0,8.0,6.5,4.5,1.45
2024-02-04,Panathinaikos,Olympiakos,2,0,11.0,11.0,7.0,4.0,3.0,7.0,2.4,3.25,3.0
2024-02-10,Olympiakos,OFI Crete,4,0,19.0,6.0,8.0,0.0,5.0,2.0,1.25,6.0,11.0
2024-02-10,Giannina,Aris,0,0,10.0,6.0,3.0,2.0,2.0,4.0,4.5,3.6,1.8
2024-02-10,Panetolikos,Atromitos,1,0,8.0,14.0,5.0,4.0,5.0,10.0,2.38,3.25,3.1
2024-02-11,Kifisia,Volos NFC,0,0,13.0,5.0,5.0,3.0,11.0,5.0,2.2,3.3,3.4
2024-02-11,Panserraikos,Panathinaikos,0,3,9.0,11.0,3.0,7.0,3.0,3.0,7.5,4.5,1.44
2024-02-11,Lamia,Asteras Tripolis,2,1,11.0,13.0,6.0,6.0,4.0,3.0,2.45,3.3,2.9
2024-02-11,PAOK,AEK,1,1,10.0,9.0,6.0,5.0,5.0,4.0,2.3,3.25,3.3
2024-02-17,Atromitos,Aris,0,2,10.0,9.0,2.0,4.0,0.0,3.0,3.2,3.25,2.38
2024-02-17,Panathinaikos,Lamia,2,2,27.0,4.0,7.0,2.0,12.0,2.0,1.36,5.25,8.0
2024-02-18,Volos NFC,Giannina,1,2,10.0,13.0,4.0,6.0,4.0,7.0,2.05,3.1,4.2
2024-02-18,AEK,Kifisia,3,0,24.0,2.0,10.0,0.0,10.0,0.0,1.13,9.5,19.0
2024-02-18,PAOK,Olympiakos,1,4,13.0,10.0,4.0,6.0,3.0,4.0,1.95,3.5,4.0
2024-02-19,OFI Crete,Panserraikos,4,0,11.0,12.0,5.0,3.0,3.0,4.0,2.0,3.5,3.8
2024-02-19,Asteras Tripolis,Panetolikos,2,2,20.0,11.0,6.0,8.0,6.0,3.0,2.0,3.2,4.2
2024-02-24,Lamia,AEK,1,3,4.0,14.0,4.0,7.0,3.0,4.0,7.0,4.5,1.44
2024-02-24,Panserraikos,Atromitos,0,0,12.0,2.0,2.0,1.0,3.0,4.0,2.38,3.2,3.1
2024-02-25,Giannina,OFI Crete,2,2,7.0,10.0,4.0,4.0,6.0,2.0,2.38,3.3,3.0
2024-02-25,Panetolikos,PAOK,1,3,6.0,18.0,4.0,5.0,2.0,5.0,8.0,5.0,1.36
2024-02-25,Olympiakos,Asteras Tripolis,2,1,25.0,7.0,11.0,2.0,11.0,1.0,1.3,5.75,9.0
2024-02-25,Aris,Volos NFC,2,0,18.0,2.0,8.0,2.0,6.0,1.0,1.55,4.0,6.5
2024-02-25,Panathinaikos,Kifisia,1,1,17.0,14.0,4.0,7.0,7.0,11.0,1.18,7.5,13.0
2024-02-28,Asteras Tripolis,Kifisia,3,3,18.0,12.0,10.0,8.0,8.0,5.0,1.75,3.4,5.25
2024-02-28,Volos NFC,OFI Crete,3,1,5.0,8.0,3.0,2.0,2.0,7.0,2.5,3.2,2.9
2024-02-28,Atromitos,Lamia,3,1,9.0,5.0,5.0,4.0,3.0,3.0,2.25,3.25,3.3
2024-02-28,Panetolikos,Olympiakos,1,2,3.0,12.0,2.0,4.0,1.0,9.0,7.5,4.75,1.4
2024-02-28,AEK,Giannina,4,2,18.0,6.0,6.0,2.0,10.0,2.0,1.13,8.0,23.0
2024-02-28,Panserraikos,PAOK,0,2,9.0,14.0,3.0,5.0,1.0,6.0,13.0,6.5,1.22
2024-02-28,Panathinaikos,Aris,2,0,9.0,8.0,4.0,2.0,3.0,5.0,1.57,4.0,6.0
2024-03-03,Aris,AEK,3,3,4.0,13.0,4.0,9.0,0.0,8.0,7.5,4.33,1.45
2024-03-03,Giannina,Atromitos,1,1,12.0,8.0,4.0,4.0,8.0,2.0,2.25,3.2,3.4
2024-03-03,Kifisia,Panetolikos,2,2,14.0,11.0,8.0,4.0,5.0,4.0,2.3,3.25,3.2
2024-03-03,Lamia,PAOK,0,2,4.0,17.0,2.0,8.0,1.0,8.0,9.0,4.5,1.4
2024-03-03,OFI Crete,Panathinaikos,2,2,8.0,13.0,4.0,6.0,1.0,4.0,6.0,4.75,1.5
2024-03-03,Olympiakos,Volos NFC,3,0,28.0,4.0,15.0,0.0,9.0,0.0,1.13,8.5,19.0
2024-03-03,Panserraikos,Asteras Tripolis,2,1,7.0,4.0,6.0,1.0,5.0,5.0,2.25,3.3,3.3
2024-03-10,Lamia,AEK,0,4,2.0,20.0,0.0,7.0,1.0,12.0,9.5,5.75,1.29
2024-03-10,Olympiakos,Panathinaikos,1,3,13.0,11.0,4.0,5.0,8.0,5.0,2.1,3.1,4.0
2024-03-10,PAOK,Aris,0,1,14.0,6.0,4.0,3.0,7.0,1.0,1.5,4.2,6.5
2024-03-16,Asteras Tripolis,Volos NFC,0,2,9.0,10.0,3.0,4.0,4.0,5.0,1.95,3.4,4.2
2024-03-16,Kifisia,OFI Crete,0,0,13.0,11.0,4.0,3.0,5.0,8.0,2.88,3.2,2.6
2024-03-16,Atromitos,Giannina,3,2,8.0,14.0,6.0,5.0,2.0,6.0,2.05,3.4,3.75
2024-03-16,Panetolikos,Panserraikos,3,0,15.0,7.0,10.0,1.0,3.0,4.0,2.15,3.25,3.6
2024-03-30,Panserraikos,Asteras Tripolis,2,0,7.0,13.0,3.0,1.0,2.0,3.0,2.2,3.1,3.6
2024-03-30,Volos NFC,Kifisia,4,1,14.0,11.0,8.0,7.0,7.0,2.0,2.25,3.3,3.3
2024-03-30,Giannina,Panetolikos,1,1,10.0,11.0,4.0,4.0,3.0,2.0,2.05,3.25,4.0
2024-03-30,OFI Crete,Atromitos,0,0,14.0,11.0,4.0,3.0,5.0,3.0,2.0,3.5,3.75
2024-03-31,Panathinaikos,PAOK,2,3,16.0,10.0,8.0,7.0,6.0,4.0,2.1,3.3,3.6
2024-03-31,AEK,Olympiakos,1,0,10.0,11.0,5.0,7.0,2.0,4.0,1.8,3.4,5.0
2024-03-31,Aris,Lamia,3,1,18.0,9.0,8.0,2.0,13.0,4.0,1.5,4.0,7.5
2024-04-03,Olympiakos,Aris,3,0,16.0,7.0,9.0,0.0,9.0,0.0,1.36,4.75,9.0
2024-04-03,PAOK,Lamia,3,1,18.0,6.0,9.0,1.0,13.0,3.0,1.14,8.0,19.0
2024-04-03,Panathinaikos,AEK,2,1,10.0,18.0,6.0,5.0,1.0,11.0,2.9,3.25,2.5
2024-04-06,Atromitos,Panserraikos,1,1,10.0,8.0,3.0,4.0,5.0,1.0,2.25,3.2,3.4
2024-04-06,Asteras Tripolis,Kifisia,1,2,14.0,10.0,4.0,7.0,4.0,3.0,2.05,3.3,3.75
2024-04-06,Panetolikos,Volos NFC,0,1,12.0,5.0,4.0,1.0,9.0,3.0,2.25,3.1,3.5
2024-04-06,OFI Crete,Giannina,4,0,20.0,11.0,8.0,5.0,6.0,2.0,2.0,3.25,4.0
2024-04-07,Lamia,Olympiakos,1,5,9.0,21.0,3.0,11.0,2.0,4.0,12.0,6.0,1.25
2024-04-07,Aris,Panathinaikos,0,2,20.0,10.0,6.0,3.0,8.0,1.0,4.0,3.5,1.91
2024-04-07,AEK,PAOK,2,2,10.0,8.0,4.0,4.0,3.0,6.0,1.85,3.5,4.33
2024-04-13,Panserraikos,OFI Crete,2,2,10.0,11.0,4.0,5.0,1.0,6.0,2.38,3.1,3.25
2024-04-13,Volos NFC,Atromitos,2,2,11.0,13.0,6.0,6.0,7.0,2.0,2.05,3.25,4.0
2024-04-13,Giannina,Asteras Tripolis,0,1,16.0,8.0,2.0,3.0,10.0,6.0,2.45,3.25,3.0
2024-04-13,Kifisia,Panetolikos,0,1,19.0,9.0,3.0,3.0,2.0,6.0,2.2,3.2,3.5
2024-04-14,Panathinaikos,Lamia,3,1,22.0,6.0,6.0,2.0,7.0,1.0,1.14,7.5,21.0
2024-04-14,AEK,Aris,2,0,16.0,4.0,7.0,2.0,4.0,2.0,1.25,5.75,15.0
2024-04-20,OFI Crete,Volos NFC,2,1,13.0,8.0,8.0,4.0,3.0,3.0,2.1,3.2,3.6
2024-04-20,Asteras Tripolis,Panetolikos,0,2,9.0,13.0,2.0,7.0,10.0,6.0,2.7,3.1,2.75
2024-04-20,Atromitos,Kifisia,1,2,14.0,13.0,3.0,7.0,3.0,5.0,2.7,3.5,2.55
2024-04-21,Panserraikos,Giannina,2,1,12.0,13.0,5.0,4.0,6.0,4.0,2.0,3.3,4.0
2024-04-21,Lamia,Panathinaikos,0,5,11.0,17.0,5.0,10.0,2.0,4.0,9.5,7.0,1.25
2024-04-21,Aris,AEK,1,2,11.0,28.0,4.0,12.0,2.0,9.0,6.5,4.5,1.45
2024-04-21,Olympiakos,PAOK,2,1,8.0,7.0,3.0,2.0,2.0,3.0,2.1,3.5,3.4
2024-04-24,Lamia,PAOK,1,1,10.0,15.0,4.0,5.0,2.0,8.0,15.0,6.5,1.2
2024-04-24,Aris,Olympiakos,1,1,14.0,18.0,6.0,11.0,3.0,11.0,8.0,4.2,1.45
2024-04-24,AEK,Panathinaikos,3,0,16.0,8.0,7.0,1.0,4.0,2.0,1.91,3.3,4.33
2024-04-27,Asteras Tripolis,OFI Crete,1,1,8.0,11.0,3.0,2.0,4.0,2.0,2.8,2.63,3.2
2024-04-27,Kifisia,Giannina,2,3,18.0,12.0,5.0,4.0,8.0,4.0,1.4,4.75,7.5
2024-04-27,Panetolikos,Atromitos,1,0,10.0,10.0,5.0,3.0,3.0,6.0,1.75,3.6,5.0
2024-04-27,Volos NFC,Panserraikos,1,0,14.0,12.0,7.0,3.0,5.0,4.0,1.25,5.5,13.0
2024-04-28,Olympiakos,Lamia,4,1,17.0,13.0,10.0,4.0,6.0,3.0,1.09,11.0,21.0
2024-04-28,PAOK,AEK,3,2,8.0,7.0,6.0,4.0,13.0,4.0,3.1,3.2,2.45
2024-04-28,Panathinaikos,Aris,0,1,21.0,7.0,9.0,1.0,9.0,1.0,1.3,5.0,11.0
2024-05-11,Atromitos,Asteras Tripolis,0,1,7.0,11.0,4.0,5.0,1.0,4.0,2.3,3.4,3.0
2024-05-11,Giannina,Volos NFC,1,1,10.0,8.0,5.0,4.0,6.0,2.0,2.5,3.4,2.8
2024-05-11,OFI Crete,Panetolikos,1,2,15.0,10.0,5.0,4.0,3.0,3.0,2.1,3.4,3.6
2024-05-11,Panserraikos,Kifisia,2,0,13.0,13.0,7.0,6.0,7.0,5.0,2.0,3.75,3.4
2024-05-12,PAOK,Olympiakos,2,0,10.0,10.0,2.0,4.0,3.0,3.0,2.15,3.6,3.1
2024-05-15,Lamia,Aris,2,4,11.0,10.0,7.0,5.0,3.0,2.0,3.8,3.6,1.91
2024-05-15,Olympiakos,AEK,2,0,15.0,10.0,6.0,3.0,7.0,2.0,2.63,3.4,2.55
2024-05-15,PAOK,Panathinaikos,4,1,8.0,5.0,7.0,4.0,4.0,2.0,1.67,3.8,5.0
2024-05-19,AEK,Lamia,3,0,21.0,4.0,6.0,1.0,9.0,5.0,1.06,12.0,29.0
2024-05-19,Aris,PAOK,1,2,16.0,3.0,3.0,2.0,1.0,2.0,4.33,3.9,1.75
2024-05-19,Panathinaikos,Olympiakos,2,2,11.0,9.0,6.0,3.0,8.0,2.0,2.7,3.3,2.55
2022-08-19,Volos NFC,Asteras Tripolis,3,3,9,12,6,4,3,3,2.45,3.3,2.75
2022-08-20,Atromitos,OFI Crete,3,1,6,5,4,2,2,5,2.2,3.0,3.8
2022-08-20,Lamia,AEK,0,3,4,8,2,3,0,1,8.5,4.0,1.45
2022-08-20,PAOK,Panetolikos,1,0,9,4,7,2,7,4,1.3,5.0,13.0
2022-08-21,Panathinaikos,Ionikos,1,0,9,3,4,1,6,1,1.36,4.5,10.0
2022-08-21,Aris,Levadeiakos,3,0,10,9,6,4,6,3,1.44,4.33,8.5
2022-08-21,Olympiakos,Giannina,2,0,12,8,4,3,6,2,1.28,6.0,8.5
2022-08-26,Ionikos,Levadeiakos,0,0,12,13,4,2,6,2,2.1,3.2,3.75
2022-08-27,Giannina,Lamia,1,1,12,11,3,5,6,8,1.9,3.25,4.5
2022-08-27,AEK,Volos NFC,0,1,16,5,4,3,8,1,1.25,6.0,11.0
2022-08-28,Panetolikos,Aris,3,1,9,14,3,5,1,4,4.33,3.0,2.05
2022-08-28,OFI Crete,Panathinaikos,0,2,4,10,1,5,1,3,4.5,3.3,1.9
2022-08-28,PAOK,Atromitos,2,1,14,6,4,4,8,3,1.53,3.8,7.0
2022-08-29,Asteras Tripolis,Olympiakos,0,0,3,16,1,1,0,10,5.0,3.4,1.8
2022-09-03,Lamia,Asteras Tripolis,0,0,12,9,4,3,5,3,3.2,3.1,2.4
2022-09-03,Olympiakos,Ionikos,3,1,12,9,3,2,4,4,1.2,6.5,15.0
2022-09-03,Panathinaikos,Levadeiakos,1,0,11,4,3,1,4,5,1.14,7.0,23.0
2022-09-04,Atromitos,Panetolikos,1,1,13,5,3,1,9,2,1.9,3.3,4.5
2022-09-04,Volos NFC,OFI Crete,0,1,13,4,1,1,5,2,1.9,3.4,4.2
2022-09-04,AEK,Giannina,2,0,10,7,5,0,5,3,1.25,5.5,13.0
2022-09-04,Aris,PAOK,0,0,14,7,3,2,9,5,2.5,3.25,2.9
2022-09-10,OFI Crete,Panetolikos,1,2,10,10,5,5,3,2,2.05,3.3,3.8
2022-09-10,Giannina,Levadeiakos,2,1,15,7,7,3,4,1,2.0,3.3,4.0
2022-09-10,Ionikos,Atromitos,1,4,13,11,6,10,3,0,2.25,3.2,3.4
2022-09-11,Olympiakos,Volos NFC,1,1,18,5,4,1,7,2,1.25,6.0,11.0
2022-09-11,Asteras Tripolis,Aris,0,2,18,8,6,5,10,1,2.9,3.1,2.6
2022-09-11,Panathinaikos,AEK,2,1,12,10,5,3,5,2,2.25,3.2,3.4
2022-09-12,PAOK,Lamia,1,0,13,6,3,3,6,3,1.22,6.5,13.0
2022-09-17,Atromitos,Lamia,0,0,14,9,1,3,6,1,1.9,3.4,4.5
2022-09-17,Panetolikos,AEK,0,2,6,18,0,4,0,7,6.0,3.6,1.65
2022-09-17,Panathinaikos,Giannina,3,0,15,9,6,3,7,3,1.28,5.25,13.0
2022-09-18,Levadeiakos,Asteras Tripolis,1,1,9,12,4,5,0,3,2.8,3.1,2.62
2022-09-18,OFI Crete,PAOK,1,1,11,15,4,5,2,13,4.75,3.25,1.85
2022-09-18,Aris,Olympiakos,2,1,12,6,3,2,7,2,3.5,3.3,2.15
2022-09-18,Volos NFC,Ionikos,2,0,10,8,3,3,2,3,2.0,3.3,4.0
2022-10-01,Lamia,Levadeiakos,1,0,15,8,3,2,12,3,2.15,3.2,3.6
2022-10-02,Asteras Tripolis,OFI Crete,2,0,9,11,4,3,3,3,1.85,3.4,4.5
2022-10-02,Olympiakos,Atromitos,2,0,15,5,7,2,3,4,1.33,4.5,10.0
2022-10-02,Volos NFC,Aris,2,0,9,16,4,4,4,8,3.6,3.4,2.1
2022-10-02,PAOK,Panathinaikos,1,2,12,7,3,5,4,4,2.5,3.2,2.9
2022-10-03,Giannina,Panetolikos,1,4,18,12,3,5,6,2,2.3,3.1,3.4
2022-10-03,AEK,Ionikos,4,1,27,5,8,2,12,0,1.2,6.0,15.0
2022-10-08,Panetolikos,Volos NFC,2,3,7,15,5,7,2,8,2.15,3.25,3.5
2022-10-08,Ionikos,Lamia,1,1,18,6,8,3,7,2,2.25,3.1,3.4
2022-10-09,OFI Crete,Olympiakos,1,2,9,14,3,6,3,3,8.0,4.2,1.44
2022-10-09,Levadeiakos,PAOK,1,1,10,13,3,4,3,9,5.5,3.8,1.66
2022-10-09,Panathinaikos,Asteras Tripolis,1,0,19,4,6,2,4,3,1.44,4.0,9.0
2022-10-09,Aris,AEK,0,2,10,17,1,7,8,3,2.87,3.1,2.62
2022-10-10,Atromitos,Giannina,2,1,13,8,4,2,6,4,1.8,3.25,5.5
2022-10-15,Volos NFC,Levadeiakos,2,1,18,9,5,8,11,10,1.75,3.4,5.25
2022-10-15,Aris,Ionikos,2,1,15,9,4,6,6,3,1.4,4.75,8.0
2022-10-16,AEK,Atromitos,1,0,26,8,13,4,14,2,1.3,5.5,10.0
2022-10-16,Giannina,OFI Crete,2,2,11,12,4,3,4,1,2.25,3.2,3.4
2022-10-16,Lamia,Panathinaikos,0,2,4,9,0,4,2,7,6.0,3.5,1.66
2022-10-16,Asteras Tripolis,Panetolikos,0,0,8,3,0,2,1,2,1.85,3.5,4.5
2022-10-17,Olympiakos,PAOK,1,2,17,7,3,1,5,4,1.75,3.4,5.5
2022-10-22,Atromitos,Volos NFC,0,2,13,8,5,4,6,4,2.25,3.4,3.2
2022-10-22,Panetolikos,Olympiakos,0,2,5,16,0,3,2,5,5.5,4.33,1.55
2022-10-23,Ionikos,Giannina,2,2,11,12,4,6,4,2,2.15,3.2,3.6
2022-10-23,Panathinaikos,Aris,1,0,12,5,3,1,3,2,1.85,3.25,5.0
2022-10-23,PAOK,Asteras Tripolis,2,2,19,9,6,4,6,3,1.5,4.0,7.5
2022-10-24,Levadeiakos,AEK,0,2,6,15,2,4,2,4,8.0,4.2,1.44
2022-10-24,OFI Crete,Lamia,0,0,13,13,2,5,5,5,2.15,3.2,3.4
2022-10-29,Ionikos,Panetolikos,1,1,15,12,2,4,2,4,2.05,3.3,3.8
2022-10-29,Volos NFC,Panathinaikos,1,5,10,14,1,7,6,6,4.33,3.6,1.83
2022-10-30,Olympiakos,Lamia,2,0,13,10,7,1,5,4,1.22,6.5,13.0
2022-10-30,Levadeiakos,Atromitos,2,1,11,11,3,1,4,9,2.7,3.2,2.75
2022-10-30,AEK,PAOK,2,0,16,4,6,0,8,5,1.61,3.75,6.0
2022-10-30,Aris,OFI Crete,1,1,19,4,3,2,5,1,1.4,4.5,9.0
2022-10-31,Giannina,Asteras Tripolis,2,1,10,9,4,2,6,6,2.55,3.2,2.87
2022-11-05,Lamia,Volos NFC,2,2,14,11,8,4,4,7,2.5,3.3,2.87
2022-11-05,OFI Crete,Ionikos,0,2,17,13,2,7,6,4,2.1,3.4,3.5
2022-11-05,Atromitos,Aris,0,0,6,10,2,3,5,7,3.6,3.4,2.1
2022-11-05,PAOK,Giannina,2,0,13,3,5,0,5,6,1.33,5.0,9.5
2022-11-06,Panetolikos,Levadeiakos,0,0,12,3,1,1,4,11,1.9,3.3,4.5
2022-11-06,Panathinaikos,Olympiakos,1,1,6,15,2,7,5,7,2.2,3.3,3.4
2022-11-06,Asteras Tripolis,AEK,1,1,9,21,3,7,2,4,6.0,3.6,1.65
2022-11-08,Aris,Lamia,5,0,18,8,8,5,8,3,1.53,4.0,7.0
2022-11-09,Panetolikos,Panathinaikos,0,1,5,14,1,5,3,6,5.5,3.75,1.65
2022-11-09,Atromitos,Asteras Tripolis,2,0,9,18,5,4,2,3,2.5,3.2,3.0
2022-11-09,AEK,OFI Crete,3,0,26,12,10,1,11,5,1.25,6.0,12.0
2022-11-09,Levadeiakos,Olympiakos,0,1,10,17,2,7,5,4,9.0,4.75,1.36
2022-11-10,Volos NFC,Giannina,2,1,13,8,4,3,9,3,1.75,3.6,4.75
2022-11-10,Ionikos,PAOK,0,3,4,8,0,5,4,2,5.25,3.6,1.7
2022-11-13,Giannina,Aris,0,4,10,15,5,5,4,4,4.33,3.4,1.9
2022-11-13,Panathinaikos,Atromitos,2,0,22,4,5,0,6,0,1.4,4.5,9.0
2022-11-13,Lamia,Panetolikos,1,3,13,8,3,4,3,4,2.2,3.25,3.5
2022-11-13,Olympiakos,AEK,0,0,8,11,2,5,3,7,2.3,3.2,3.1
2022-11-13,PAOK,Volos NFC,3,0,18,7,7,2,3,2,1.5,4.33,6.5
2022-11-14,Asteras Tripolis,Ionikos,1,0,11,12,3,4,5,4,1.75,3.3,5.25
2022-11-14,OFI Crete,Levadeiakos,2,1,8,2,4,1,5,1,1.9,3.25,4.5
2022-12-21,Levadeiakos,Aris,1,1,8,11,4,2,2,5,5.0,3.75,1.73
2022-12-21,AEK,Lamia,3,0,14,4,9,0,5,0,1.14,7.5,21.0
2022-12-21,Asteras Tripolis,Volos NFC,0,0,14,11,5,4,4,3,2.15,3.4,3.4
2022-12-21,Giannina,Olympiakos,2,2,8,13,3,7,6,2,9.0,4.5,1.4
2022-12-21,Ionikos,Panathinaikos,1,1,9,10,2,5,4,5,8.0,3.8,1.5
2022-12-22,OFI Crete,Atromitos,0,1,21,3,7,3,7,0,2.25,3.3,3.2
2022-12-22,Panetolikos,PAOK,0,2,9,19,1,9,3,3,4.75,3.5,1.8
2022-12-28,Levadeiakos,Ionikos,1,0,11,9,6,2,5,3,2.3,3.1,3.3
2022-12-28,Olympiakos,Asteras Tripolis,5,0,15,6,8,2,6,0,1.3,4.5,15.0
2022-12-28,Volos NFC,AEK,0,4,6,19,2,7,8,8,8.0,3.8,1.5
2022-12-28,Atromitos,PAOK,1,1,8,12,2,3,3,11,5.0,3.6,1.73
2022-12-28,Panathinaikos,OFI Crete,1,1,17,1,4,1,13,0,1.33,4.75,11.0
2022-12-29,Aris,Panetolikos,1,0,20,4,8,0,6,2,1.45,4.0,8.5
2022-12-29,Lamia,Giannina,1,1,6,8,1,1,5,2,2.1,3.2,3.8
2023-01-03,OFI Crete,Volos NFC,0,0,22,12,7,3,8,1,2.25,3.3,3.2
2023-01-03,Levadeiakos,Panathinaikos,0,1,14,8,4,3,4,5,12.0,4.5,1.33
2023-01-03,Giannina,AEK,2,1,5,21,2,5,0,6,11.0,4.5,1.33
2023-01-03,Ionikos,Olympiakos,0,2,2,15,1,5,1,8,13.0,5.25,1.25
2023-01-04,Asteras Tripolis,Lamia,3,0,14,15,5,5,3,2,1.75,3.25,5.5
2023-01-04,Panetolikos,Atromitos,2,0,15,6,5,1,8,2,2.25,3.2,3.4
2023-01-04,PAOK,Aris,1,0,13,6,5,0,9,2,1.91,3.25,4.5
2023-01-07,Levadeiakos,Giannina,1,3,10,9,4,4,2,5,2.4,3.0,3.25
2023-01-07,Lamia,PAOK,0,3,4,13,0,3,4,5,7.0,3.8,1.53
2023-01-08,Volos NFC,Olympiakos,0,4,11,17,2,10,7,2,10.0,4.75,1.33
2023-01-08,Atromitos,Ionikos,2,0,20,7,7,4,5,4,1.75,3.5,5.0
2023-01-08,Aris,Asteras Tripolis,3,0,13,9,5,2,4,8,1.6,3.8,5.75
2023-01-08,AEK,Panathinaikos,1,0,14,6,4,1,8,4,1.91,3.3,4.5
2023-01-09,Panetolikos,OFI Crete,0,4,3,14,0,6,0,5,2.4,3.0,3.25
2023-01-14,Lamia,Atromitos,1,1,10,11,3,5,4,2,2.7,3.0,2.9
2023-01-14,PAOK,OFI Crete,0,0,19,4,7,1,5,0,1.4,4.33,9.5
2023-01-15,AEK,Panetolikos,4,1,25,3,10,1,8,2,1.14,8.0,19.0
2023-01-15,Asteras Tripolis,Levadeiakos,0,0,8,9,2,3,5,5,1.65,3.6,6.0
2023-01-15,Olympiakos,Aris,1,0,9,7,5,2,4,3,1.4,4.33,9.5
2023-01-15,Giannina,Panathinaikos,0,1,9,15,0,5,3,9,8.0,3.5,1.57
2023-01-16,Ionikos,Volos NFC,0,1,12,10,8,3,4,7,2.8,3.3,2.55
2023-01-20,Panetolikos,Giannina,1,1,9,8,3,3,1,1,2.45,3.0,3.2
2023-01-21,OFI Crete,Asteras Tripolis,1,0,9,6,2,1,5,1,2.25,3.2,3.4
2023-01-21,Aris,Volos NFC,3,0,15,7,5,1,6,1,1.45,4.5,7.5
2023-01-22,Ionikos,AEK,1,2,9,19,3,6,0,10,13.0,6.5,1.22
2023-01-22,Levadeiakos,Lamia,0,0,11,5,4,0,7,2,2.25,3.0,3.6
2023-01-22,Panathinaikos,PAOK,0,3,9,12,1,6,0,3,2.15,3.1,3.75
2023-01-22,Atromitos,Olympiakos,1,1,13,18,2,6,3,4,8.0,4.75,1.4
2023-01-28,Volos NFC,Panetolikos,2,3,7,10,4,5,3,3,2.0,3.3,4.0
2023-01-28,Giannina,Atromitos,1,1,11,15,4,5,6,8,2.2,3.2,3.5
2023-01-29,Olympiakos,OFI Crete,2,1,24,3,11,3,9,1,1.22,6.0,15.0
2023-01-29,AEK,Aris,3,0,14,6,6,3,3,4,1.53,4.2,6.0
2023-01-30,PAOK,Levadeiakos,3,2,14,4,5,3,7,2,1.25,5.75,13.0
2023-01-30,Lamia,Ionikos,0,2,14,4,2,3,7,5,2.05,3.0,4.33
2023-01-30,Asteras Tripolis,Panathinaikos,1,0,6,6,1,1,4,2,5.25,3.4,1.8
2023-02-04,OFI Crete,Giannina,0,0,17,4,2,1,11,4,2.0,3.3,4.0
2023-02-04,Ionikos,Aris,1,0,6,11,3,4,2,7,5.0,3.3,1.8
2023-02-05,Panathinaikos,Lamia,2,0,16,13,4,4,7,8,1.29,4.75,15.0
2023-02-05,Panetolikos,Asteras Tripolis,0,0,7,9,0,3,1,3,2.75,2.9,2.9
2023-02-05,PAOK,Olympiakos,0,0,20,7,8,1,1,1,2.45,3.2,3.1
2023-02-06,Levadeiakos,Volos NFC,0,3,10,10,1,4,4,1,2.38,3.3,2.9
2023-02-11,Giannina,Ionikos,0,0,15,11,2,3,1,4,1.91,3.4,4.33
2023-02-12,Volos NFC,Atromitos,2,1,9,8,3,2,3,5,2.25,3.3,3.3
2023-02-12,Aris,Panathinaikos,1,2,9,11,2,3,4,5,2.9,3.0,2.63
2023-02-13,Lamia,OFI Crete,1,4,14,15,6,7,6,5,2.7,3.1,2.75
2023-02-13,Asteras Tripolis,PAOK,2,2,9,15,6,6,2,9,4.33,3.5,1.85
2023-02-13,AEK,Levadeiakos,3,0,17,1,6,0,6,2,1.11,9.0,23.0
2023-02-13,Olympiakos,Panetolikos,6,1,16,8,8,1,3,6,1.17,7.5,19.0
2023-02-18,Panathinaikos,Volos NFC,2,0,33,1,8,1,13,0,1.33,5.25,8.5
2023-02-18,Asteras Tripolis,Giannina,1,1,5,7,2,1,0,3,2.0,3.0,4.5
2023-02-19,Lamia,Olympiakos,0,3,6,19,2,8,5,5,12.0,4.75,1.3
2023-02-19,Panetolikos,Ionikos,1,0,9,13,3,3,2,7,2.1,3.1,3.6
2023-02-19,PAOK,AEK,2,0,5,19,2,3,4,9,2.9,3.0,2.7
2023-02-20,Atromitos,Levadeiakos,1,0,18,7,6,3,4,3,1.8,3.3,5.25
2023-02-20,OFI Crete,Aris,0,3,10,15,2,9,4,4,2.88,3.2,2.6
2023-02-24,Volos NFC,Lamia,1,1,9,9,4,3,3,2,1.91,3.5,3.8
2023-02-25,AEK,Asteras Tripolis,2,0,37,0,9,0,13,0,1.17,7.0,23.0
2023-02-25,Giannina,PAOK,0,0,6,9,3,5,2,7,9.0,4.0,1.44
2023-02-25,Olympiakos,Panathinaikos,0,0,15,6,5,2,7,2,2.0,3.3,4.0
2023-02-26,Ionikos,OFI Crete,0,2,10,10,1,5,3,5,2.88,3.0,2.63
2023-02-26,Levadeiakos,Panetolikos,0,0,9,5,1,1,4,3,2.25,3.2,3.4
2023-02-26,Aris,Atromitos,2,1,15,8,6,2,3,2,1.5,3.75,8.0
2023-03-04,Asteras Tripolis,Atromitos,1,1,12,13,2,4,5,6,2.25,3.0,3.6
2023-03-05,Olympiakos,Levadeiakos,6,0,21,5,10,2,7,1,1.14,8.0,21.0
2023-03-05,Giannina,Volos NFC,0,1,18,6,3,2,6,0,2.25,3.25,3.2
2023-03-05,Lamia,Aris,2,1,7,13,4,6,3,7,4.75,3.5,1.75
2023-03-05,OFI Crete,AEK,0,3,11,16,4,5,5,5,10.0,4.2,1.4
2023-03-05,PAOK,Ionikos,6,0,12,3,7,0,9,4,1.22,5.25,17.0
2023-03-06,Panathinaikos,Panetolikos,2,0,26,4,7,1,8,1,1.22,5.75,13.0
2023-03-08,Atromitos,AEK,0,1,3,14,0,1,1,7,8.5,4.5,1.36
2023-03-12,AEK,Olympiakos,1,3,15,6,6,3,11,1,2.05,3.3,3.75
2023-03-12,Aris,Giannina,3,1,23,4,10,2,9,2,1.45,4.2,7.5
2023-03-12,Atromitos,Panathinaikos,0,2,5,16,1,6,5,8,8.0,3.75,1.5
2023-03-12,Ionikos,Asteras Tripolis,1,0,8,2,4,0,2,3,2.15,3.1,3.6
2023-03-12,Levadeiakos,OFI Crete,2,0,13,9,6,2,3,3,2.7,3.25,2.63
2023-03-12,Panetolikos,Lamia,1,1,10,8,4,1,3,3,2.2,3.1,3.6
2023-03-12,Volos NFC,PAOK,0,1,3,17,0,3,1,12,10.0,4.75,1.33
2023-03-18,Asteras Tripolis,Panetolikos,2,1,13,6,5,2,2,1,1.83,3.4,4.5
2023-03-18,OFI Crete,Levadeiakos,1,1,13,5,6,4,6,5,1.73,3.6,4.75
2023-03-18,Atromitos,Ionikos,2,0,4,19,3,5,3,8,1.95,3.2,4.2
2023-03-18,Lamia,Giannina,2,0,6,13,4,4,0,3,2.3,3.1,3.3
2023-03-19,Volos NFC,Olympiakos,0,3,2,10,0,5,1,6,34.0,9.0,1.07
2023-03-19,Aris,PAOK,1,2,8,10,2,4,5,6,3.2,3.0,2.38
2023-03-19,AEK,Panathinaikos,0,0,13,6,2,3,7,1,1.85,3.2,4.75
2023-04-01,Levadeiakos,Atromitos,1,1,21,6,5,2,13,2,2.5,3.2,3.0
2023-04-01,Panetolikos,Lamia,1,3,8,13,4,7,3,3,2.25,3.3,3.25
2023-04-01,Giannina,OFI Crete,0,1,18,8,0,2,6,3,2.45,3.0,3.2
2023-04-01,Ionikos,Asteras Tripolis,1,0,12,5,2,1,10,4,2.1,3.2,3.75
2023-04-02,Panathinaikos,Volos NFC,0,0,19,3,3,1,6,0,1.18,7.0,15.0
2023-04-02,PAOK,AEK,0,1,12,6,2,2,5,2,2.6,3.1,2.88
2023-04-02,Olympiakos,Aris,2,2,30,6,7,2,11,2,1.3,4.75,11.0
2023-04-05,Volos NFC,AEK,0,1,2,14,2,5,2,2,9.5,7.0,1.22
2023-04-05,Aris,Panathinaikos,0,1,6,10,0,2,5,4,3.25,3.0,2.4
2023-04-05,Olympiakos,PAOK,3,1,21,4,8,4,4,3,1.85,3.3,4.5
2023-04-08,Atromitos,Giannina,1,1,15,4,7,2,9,3,2.05,3.2,4.0
2023-04-08,OFI Crete,Lamia,4,1,13,13,7,3,4,5,1.91,3.3,4.33
2023-04-08,Asteras Tripolis,Levadeiakos,0,1,9,9,3,4,2,2,1.91,3.2,4.33
2023-04-08,Panetolikos,Ionikos,0,1,6,11,1,1,4,2,2.4,3.1,3.2
2023-04-09,AEK,Aris,3,1,18,8,7,1,4,0,1.4,4.33,9.5
2023-04-09,PAOK,Volos NFC,4,2,19,6,8,3,8,2,1.18,6.5,19.0
2023-04-09,Panathinaikos,Olympiakos,2,0,10,12,5,4,5,1,2.55,3.2,2.88
2023-04-22,Giannina,Panetolikos,3,2,15,5,7,2,7,2,1.95,3.0,5.0
2023-04-22,Lamia,Atromitos,1,0,11,4,5,0,7,2,2.15,3.3,3.5
2023-04-22,Levadeiakos,Ionikos,2,2,12,5,6,4,7,2,2.38,3.25,3.1
2023-04-22,OFI Crete,Asteras Tripolis,1,1,11,13,3,4,2,2,1.95,3.3,4.2
2023-04-23,Volos NFC,Aris,0,3,8,13,2,6,3,6,4.2,3.4,1.95
2023-04-23,PAOK,Panathinaikos,1,2,21,8,5,3,8,3,2.25,3.1,3.5
2023-04-23,Olympiakos,AEK,1,3,5,15,1,7,2,5,2.1,3.4,3.5
2023-04-26,Volos NFC,Panathinaikos,0,2,4,18,0,7,2,10,15.0,5.5,1.25
2023-04-26,Aris,Olympiakos,2,1,8,18,4,5,2,6,4.5,3.4,1.91
2023-04-26,AEK,PAOK,4,0,20,3,9,0,4,3,1.75,3.5,5.25
2023-04-29,Asteras Tripolis,Lamia,0,0,13,3,3,0,8,1,2.4,2.9,3.4
2023-04-29,Atromitos,OFI Crete,2,3,10,10,5,6,3,3,2.6,3.1,2.88
2023-04-29,Ionikos,Giannina,0,1,12,7,4,2,7,3,2.2,3.2,3.5
2023-04-29,Panetolikos,Levadeiakos,2,2,21,15,6,9,6,3,2.45,3.0,3.2
2023-04-30,Olympiakos,Volos NFC,5,0,23,5,11,3,7,3,1.13,8.0,23.0
2023-04-30,Panathinaikos,AEK,0,0,5,17,1,2,3,2,2.5,3.1,3.0
2023-04-30,PAOK,Aris,3,2,15,11,9,7,7,3,1.67,3.5,6.0
2023-05-03,AEK,Olympiakos,0,0,15,5,5,3,11,1,1.73,3.6,5.25
2023-05-03,Aris,Volos NFC,4,2,13,5,8,4,7,1,1.29,5.25,12.0
2023-05-03,Panathinaikos,PAOK,1,1,14,5,4,2,6,5,1.75,3.5,5.25
2023-05-06,Atromitos,Panetolikos,2,0,16,16,4,6,4,1,1.95,3.3,4.33
2023-05-06,Giannina,Asteras Tripolis,1,0,5,8,1,3,5,3,2.6,2.25,4.0
2023-05-06,Lamia,Levadeiakos,1,1,10,10,4,2,2,3,2.0,3.3,4.0
2023-05-06,OFI Crete,Ionikos,2,2,7,19,2,8,3,6,2.6,3.3,2.75
2023-05-08,Aris,AEK,1,2,7,15,2,5,1,3,6.5,4.33,1.5
2023-05-08,Olympiakos,Panathinaikos,1,0,12,8,3,2,6,1,4.0,3.4,1.95
2023-05-08,Volos NFC,PAOK,0,2,1,20,0,5,0,4,12.0,5.0,1.33
2023-05-13,Panetolikos,OFI Crete,0,2,17,15,4,4,6,4,2.75,3.2,2.63
2023-05-13,Asteras Tripolis,Atromitos,1,1,6,13,2,5,5,5,2.1,3.4,3.4
2023-05-13,Ionikos,Lamia,2,2,13,11,4,6,7,2,2.0,3.2,4.2
2023-05-13,Levadeiakos,Giannina,3,3,26,12,12,4,13,2,2.5,3.2,3.0
2023-05-14,AEK,Volos NFC,4,0,20,2,8,0,5,0,1.05,13.0,41.0
2023-05-14,Panathinaikos,Aris,1,1,15,10,5,4,4,3,1.36,4.33,11.0
2023-05-14,PAOK,Olympiakos,0,1,16,12,6,4,3,3,2.25,3.25,3.4
2021-09-11,Panetolikos,Asteras Tripolis,0,0,3,5,1,1,1,4,3.2,2.87,2.5
2021-09-11,Panathinaikos,Apollon,4,0,9,10,6,6,1,3,1.4,3.75,8.0
2021-09-12,Volos NFC,Lamia,2,1,9,11,6,4,4,8,1.9,3.0,4.0
2021-09-12,PAOK,Giannina,0,1,9,3,2,1,8,4,1.18,5.25,13.0
2021-09-12,AEK,Ionikos,3,0,11,4,9,0,8,0,1.16,6.5,17.0
2021-09-12,Olympiakos,Atromitos,0,0,16,3,6,2,9,0,1.14,7.5,17.0
2021-09-13,Aris,OFI Crete,0,0,13,0,3,0,9,2,1.4,4.2,9.0
2021-09-17,Ionikos,Aris,1,0,1,8,1,1,0,5,4.75,3.4,1.7
2021-09-18,Giannina,Panathinaikos,1,0,2,12,1,4,5,8,3.3,3.1,2.15
2021-09-19,Apollon,Volos NFC,1,3,7,5,3,4,6,1,2.3,2.87,3.2
2021-09-19,Atromitos,Panetolikos,1,2,9,14,4,9,4,8,1.7,3.2,5.5
2021-09-19,OFI Crete,AEK,3,3,8,11,3,4,4,6,5.25,3.3,1.66
2021-09-19,Asteras Tripolis,PAOK,0,1,15,6,8,4,8,2,3.6,3.0,2.05
2021-09-19,Lamia,Olympiakos,1,2,12,6,4,2,7,3,11.0,5.5,1.22
2021-09-22,OFI Crete,Asteras Tripolis,0,0,6,6,2,2,0,7,2.5,3.1,2.9
2021-09-22,Olympiakos,Apollon,4,1,14,3,9,2,10,2,1.12,8.0,19.0
2021-09-22,Panetolikos,PAOK,1,2,10,7,4,6,8,2,8.0,4.0,1.44
2021-09-22,AEK,Lamia,1,0,14,3,9,1,6,2,1.25,5.25,13.0
2021-09-22,Aris,Panathinaikos,1,0,5,4,2,3,4,3,2.05,3.2,3.8
2021-09-23,Ionikos,Giannina,0,0,10,6,1,5,4,3,2.6,2.9,2.87
2021-09-23,Volos NFC,Atromitos,3,0,11,4,4,0,8,2,2.62,3.0,2.87
2021-09-26,Asteras Tripolis,Olympiakos,0,2,7,8,2,4,4,0,5.5,4.0,1.61
2021-09-26,Panathinaikos,Volos NFC,5,1,12,11,10,6,2,7,1.57,4.0,6.0
2021-09-26,Lamia,Panetolikos,2,2,5,12,5,4,3,3,2.45,3.2,3.0
2021-09-26,PAOK,AEK,2,0,9,5,4,3,7,5,2.25,3.25,3.3
2021-09-27,Giannina,OFI Crete,1,1,13,7,3,6,7,6,2.45,3.2,3.0
2021-09-27,Apollon,Ionikos,0,0,14,5,5,2,4,5,2.45,3.2,3.0
2021-09-27,Atromitos,Aris,1,3,10,5,4,3,7,4,3.0,3.3,2.37
2021-10-02,Volos NFC,Asteras Tripolis,2,1,6,12,5,7,1,8,2.8,3.1,2.7
2021-10-02,Aris,Apollon,0,0,9,2,3,2,6,0,1.36,4.75,9.0
2021-10-03,Atromitos,Giannina,1,1,7,5,2,3,4,5,2.37,3.1,3.25
2021-10-03,Panetolikos,AEK,1,3,17,7,9,5,4,6,6.0,4.0,1.57
2021-10-03,OFI Crete,PAOK,1,3,8,12,3,7,9,2,5.5,3.4,1.72
2021-10-03,Ionikos,Lamia,1,2,11,7,5,5,6,7,2.5,2.9,3.25
2021-10-03,Olympiakos,Panathinaikos,0,0,14,3,3,1,4,1,1.44,4.2,8.5
2021-10-16,Apollon,Asteras Tripolis,0,1,8,10,2,4,2,3,3.0,3.1,2.5
2021-10-16,Panathinaikos,Ionikos,4,1,11,3,7,2,2,1,1.5,4.1,7.0
2021-10-17,Panetolikos,OFI Crete,1,2,11,13,4,8,4,7,2.4,3.2,3.1
2021-10-17,PAOK,Volos NFC,4,4,12,9,11,6,9,2,1.36,4.75,9.5
2021-10-17,AEK,Atromitos,3,0,10,9,4,3,3,8,1.36,4.75,9.5
2021-10-17,Giannina,Olympiakos,1,2,7,11,1,7,6,5,8.0,4.2,1.44
2021-10-18,Lamia,Aris,0,1,5,11,3,6,3,9,4.0,3.2,2.05
2021-10-23,Atromitos,Ionikos,0,2,11,6,4,4,9,2,1.8,3.5,4.75
2021-10-23,Apollon,Giannina,1,0,5,6,1,1,4,5,3.0,2.9,2.7
2021-10-23,Asteras Tripolis,Panathinaikos,2,1,8,8,4,3,1,6,2.75,3.3,2.6
2021-10-24,Aris,Panetolikos,5,1,15,7,12,3,4,1,1.45,4.2,8.0
2021-10-24,Volos NFC,AEK,1,3,11,10,6,6,11,4,4.75,4.0,1.7
2021-10-24,OFI Crete,Lamia,0,0,9,6,3,3,3,2,2.4,3.2,3.1
2021-10-24,Olympiakos,PAOK,2,1,9,4,4,2,3,3,1.9,3.6,4.0
2021-10-30,Panetolikos,Olympiakos,1,2,4,15,2,8,3,8,8.5,4.33,1.4
2021-10-30,PAOK,Apollon,4,1,12,2,8,2,5,3,1.2,7.0,13.0
2021-10-31,Lamia,Atromitos,2,2,7,9,3,5,7,4,2.37,3.1,3.25
2021-10-31,Panathinaikos,OFI Crete,0,0,8,6,3,2,4,3,1.61,3.6,6.5
2021-10-31,AEK,Aris,2,1,5,17,3,9,0,13,1.85,3.5,4.5
2021-10-31,Giannina,Asteras Tripolis,1,1,15,9,7,3,7,4,2.7,3.1,2.8
2021-11-01,Ionikos,Volos NFC,1,1,10,11,5,6,5,1,2.6,3.2,2.8
2021-11-06,Giannina,Panetolikos,3,0,11,9,6,4,6,5,1.83,3.4,4.75
2021-11-06,OFI Crete,Atromitos,2,0,11,11,6,6,1,2,2.1,3.25,3.75
2021-11-06,Apollon,AEK,2,2,5,17,4,7,0,14,8.0,4.2,1.44
2021-11-07,Asteras Tripolis,Lamia,0,1,11,3,5,1,4,0,1.8,3.4,5.0
2021-11-07,Volos NFC,Aris,1,2,10,15,5,6,3,8,3.4,3.2,2.25
2021-11-07,Olympiakos,Ionikos,1,0,11,6,5,2,6,2,1.16,8.0,15.0
2021-11-07,Panathinaikos,PAOK,1,3,9,12,4,7,5,4,2.9,3.25,2.5
2021-11-20,Volos NFC,OFI Crete,0,2,10,14,5,7,10,2,2.25,3.1,3.5
2021-11-20,Aris,Giannina,0,5,10,8,6,6,7,6,1.57,3.6,7.5
2021-11-20,Ionikos,Asteras Tripolis,1,1,5,6,3,6,2,3,3.25,3.1,2.4
2021-11-21,Panetolikos,Apollon,1,0,8,3,5,0,0,3,2.37,3.1,3.3
2021-11-21,AEK,Olympiakos,2,3,13,11,6,8,11,6,3.25,3.25,2.3
2021-11-21,Atromitos,PAOK,2,0,6,11,3,4,4,9,6.5,3.9,1.55
2021-11-22,Lamia,Panathinaikos,1,3,5,9,3,7,3,4,3.9,3.4,2.0
2021-11-27,Asteras Tripolis,Atromitos,6,2,10,7,7,5,2,0,1.83,3.3,5.0
2021-11-27,Apollon,Lamia,0,0,9,5,4,1,7,1,2.55,3.1,2.9
2021-11-27,Giannina,AEK,1,2,9,16,3,6,5,8,4.33,3.6,1.85
2021-11-28,OFI Crete,Ionikos,2,1,8,12,4,6,3,3,1.75,3.6,5.0
2021-11-28,Olympiakos,Volos NFC,2,1,8,8,4,1,10,3,1.2,6.5,15.0
2021-11-28,Panathinaikos,Panetolikos,2,0,8,2,4,1,6,2,1.44,4.33,8.0
2021-11-28,PAOK,Aris,0,1,5,9,5,5,7,2,1.83,3.6,4.33
2021-12-04,Atromitos,Apollon,4,1,14,7,8,4,4,1,1.95,3.2,4.5
2021-12-04,Volos NFC,Panetolikos,1,2,13,7,8,4,5,2,1.9,3.4,4.33
2021-12-04,OFI Crete,Olympiakos,1,3,9,12,5,8,4,6,7.5,4.33,1.45
2021-12-05,Ionikos,PAOK,3,2,9,7,7,4,2,4,7.5,4.0,1.5
2021-12-05,AEK,Panathinaikos,1,0,9,9,7,4,4,2,1.85,3.2,5.0
2021-12-05,Aris,Asteras Tripolis,1,0,8,7,6,4,0,3,1.7,3.4,5.75
2021-12-06,Lamia,Giannina,0,1,3,7,2,5,0,3,2.6,3.1,2.87
2021-12-11,Giannina,Volos NFC,3,2,8,8,4,7,6,3,2.2,3.3,3.4
2021-12-11,Panathinaikos,Atromitos,2,0,7,3,7,2,5,0,1.44,4.5,7.5
2021-12-11,Asteras Tripolis,AEK,0,0,8,1,4,1,7,4,3.9,3.4,2.0
2021-12-11,Panetolikos,Ionikos,2,2,14,12,6,7,4,7,2.3,3.4,3.1
2021-12-12,PAOK,Lamia,2,1,10,6,7,2,12,2,1.2,6.5,17.0
2021-12-12,Olympiakos,Aris,1,0,8,5,3,1,4,8,1.45,4.5,7.0
2021-12-14,Asteras Tripolis,Panetolikos,1,0,8,9,5,5,7,3,1.57,3.8,6.0
2021-12-15,Giannina,PAOK,0,4,7,8,2,5,6,2,3.8,3.6,1.95
2021-12-15,Lamia,Volos NFC,2,2,13,9,5,5,3,4,2.45,3.5,2.8
2021-12-15,Atromitos,Olympiakos,0,3,6,6,1,3,3,4,7.0,4.5,1.4
2021-12-16,OFI Crete,Aris,1,1,5,4,4,3,2,2,2.87,3.5,2.4
2021-12-16,Ionikos,AEK,0,1,9,17,4,8,2,5,6.0,4.33,1.53
2021-12-18,Panetolikos,Atromitos,2,1,8,8,6,5,3,3,2.5,3.25,2.9
2021-12-19,Olympiakos,Lamia,1,0,16,3,10,2,3,3,1.15,7.5,15.0
2021-12-19,Panathinaikos,Giannina,2,0,7,5,4,4,7,1,1.66,3.75,5.5
2021-12-19,PAOK,Asteras Tripolis,3,2,10,7,7,3,5,2,1.5,4.2,6.5
2021-12-20,AEK,OFI Crete,1,2,13,7,6,3,10,3,1.36,4.75,8.0
2021-12-20,Aris,Ionikos,1,0,13,5,7,3,3,3,1.44,4.2,7.5
2022-01-04,Giannina,Ionikos,1,0,9,5,5,1,3,4,,,
2022-01-04,Asteras Tripolis,OFI Crete,1,0,13,4,5,3,1,3,1.85,3.3,4.75
2022-01-05,Lamia,AEK,0,2,6,11,2,5,3,8,7.0,3.8,1.55
2022-01-05,Apollon,Olympiakos,0,0,4,18,2,14,0,9,11.0,5.0,1.33
2022-01-05,Panathinaikos,Aris,2,0,11,2,6,1,3,3,2.05,3.25,3.8
2022-01-08,OFI Crete,Giannina,1,1,18,3,8,2,11,1,2.4,3.1,3.2
2022-01-09,Volos NFC,Panathinaikos,3,1,10,12,5,7,3,7,3.6,3.3,2.1
2022-01-12,Apollon,OFI Crete,0,3,5,19,2,9,5,6,2.5,3.2,2.8
2022-01-12,PAOK,Panetolikos,2,0,13,5,11,3,5,3,1.28,5.75,10.0
2022-01-15,Asteras Tripolis,Volos NFC,1,0,11,10,7,4,4,7,1.8,3.5,4.75
2022-01-15,Lamia,Ionikos,2,1,6,6,2,1,5,2,2.2,3.2,3.5
2022-01-15,Apollon,Aris,0,0,5,7,2,4,0,7,4.2,3.5,1.85
2022-01-15,PAOK,OFI Crete,3,0,8,7,5,3,4,2,1.4,5.0,8.0
2022-01-16,AEK,Panetolikos,1,2,14,2,7,2,6,1,1.33,5.25,9.0
2022-01-16,Giannina,Atromitos,1,1,8,5,6,3,8,4,1.95,3.3,4.2
2022-01-16,Panathinaikos,Olympiakos,0,0,6,1,1,0,6,0,4.33,3.3,1.95
2022-01-19,Volos NFC,Apollon,1,0,8,5,7,2,4,5,,,
2022-01-22,OFI Crete,Panetolikos,2,4,19,10,9,5,5,1,1.95,3.5,3.8
2022-01-22,Ionikos,Panathinaikos,0,1,7,2,1,2,7,2,4.0,3.5,1.9
2022-01-23,Aris,Lamia,0,0,5,9,1,2,5,4,1.61,3.6,6.0
2022-01-23,Atromitos,AEK,0,2,7,8,1,6,4,3,5.5,3.6,1.66
2022-01-23,Volos NFC,PAOK,0,4,7,17,5,12,2,3,4.5,3.6,1.8
2022-01-23,Olympiakos,Giannina,2,0,8,3,4,1,6,1,1.33,5.0,9.5
2022-01-24,Asteras Tripolis,Apollon,1,0,11,7,4,3,6,3,1.55,3.9,6.5
2022-01-29,Lamia,OFI Crete,2,1,8,11,3,5,9,5,2.8,3.0,2.7
2022-01-29,Panathinaikos,Asteras Tripolis,0,1,8,4,2,4,9,2,1.83,3.4,4.75
2022-01-29,Ionikos,Atromitos,2,1,4,10,3,5,4,4,2.62,3.1,2.87
2022-01-30,Giannina,Apollon,2,0,5,9,4,6,2,4,1.8,3.5,4.75
2022-01-30,Panetolikos,Aris,0,2,9,8,5,3,6,0,3.4,3.1,2.3
2022-01-30,AEK,Volos NFC,1,2,10,11,3,5,8,9,1.33,5.5,8.5
2022-01-30,PAOK,Olympiakos,1,1,13,6,6,3,8,3,2.6,3.2,2.8
2022-02-02,Asteras Tripolis,Giannina,2,0,3,7,2,4,2,6,1.85,3.2,5.0
2022-02-02,OFI Crete,Panathinaikos,3,2,7,7,5,5,4,9,3.6,3.0,2.25
2022-02-02,Olympiakos,Panetolikos,3,1,16,7,8,4,4,3,1.25,6.0,13.0
2022-02-02,Aris,AEK,2,1,11,8,8,2,5,3,2.8,3.0,2.75
2022-02-02,Volos NFC,Ionikos,1,1,15,8,10,6,4,3,1.8,3.4,5.0
2022-02-02,Apollon,PAOK,0,2,8,14,5,6,5,3,7.5,4.0,1.5
2022-02-05,Aris,Volos NFC,0,2,13,2,7,2,8,3,1.53,4.2,6.5
2022-02-05,Panetolikos,Giannina,0,1,6,7,1,2,4,1,2.8,3.0,2.8
2022-02-06,AEK,Apollon,3,0,14,6,9,3,8,6,1.28,5.5,11.0
2022-02-06,Ionikos,Olympiakos,0,3,8,7,6,4,5,1,9.0,4.75,1.36
2022-02-06,PAOK,Panathinaikos,2,1,8,3,5,2,8,0,1.95,3.4,4.2
2022-02-10,Atromitos,Lamia,3,1,12,6,7,3,6,0,2.05,3.1,4.0
2022-02-12,Apollon,Panetolikos,0,0,8,9,5,5,2,5,2.8,3.1,2.7
2022-02-12,Asteras Tripolis,Ionikos,2,3,10,7,4,3,2,0,1.61,3.6,6.5
2022-02-13,OFI Crete,Volos NFC,2,1,11,6,9,4,5,4,1.9,3.5,4.2
2022-02-13,Panathinaikos,Lamia,2,0,11,2,5,2,6,1,1.4,4.2,10.0
2022-02-13,PAOK,Atromitos,1,0,9,3,5,1,10,0,1.33,5.0,10.0
2022-02-13,Olympiakos,AEK,1,0,6,6,5,5,6,10,1.83,3.5,4.5
2022-02-14,Giannina,Aris,2,0,6,16,3,9,0,10,2.9,3.1,2.6
2022-02-16,Panetolikos,Lamia,1,0,11,3,8,1,4,4,2.15,3.1,3.6
2022-02-16,Atromitos,OFI Crete,2,2,11,4,6,3,3,3,2.6,3.25,2.7
2022-02-16,Apollon,Panathinaikos,0,3,5,12,1,8,5,3,6.0,4.0,1.53
2022-02-19,Ionikos,OFI Crete,0,0,11,12,8,8,7,4,2.8,3.0,2.8
2022-02-19,Atromitos,Asteras Tripolis,2,0,6,7,5,2,2,8,3.2,3.1,2.45
2022-02-19,Panetolikos,Panathinaikos,1,0,4,5,2,3,3,10,4.5,3.25,1.9
2022-02-20,Lamia,Apollon,1,2,16,14,4,4,11,5,2.0,3.2,4.2
2022-02-20,Volos NFC,Olympiakos,0,1,6,18,3,10,3,5,7.0,4.0,1.53
2022-02-20,AEK,Giannina,2,0,13,2,5,2,7,2,1.65,3.8,5.5
2022-02-20,Aris,PAOK,0,0,6,6,3,2,4,4,2.87,3.2,2.55
2022-02-23,Lamia,Asteras Tripolis,0,2,8,6,4,3,1,2,2.75,3.1,2.75
2022-02-23,Aris,Atromitos,3,0,21,1,10,1,3,0,1.5,4.2,6.5
2022-02-23,Ionikos,Apollon,4,0,14,2,11,1,9,0,1.95,3.25,4.2
2022-02-26,Asteras Tripolis,Aris,0,2,12,8,1,5,2,2,2.55,3.0,3.1
2022-02-26,Panetolikos,Volos NFC,0,0,12,8,3,4,8,4,2.3,3.2,3.3
2022-02-27,PAOK,Ionikos,1,1,12,3,5,3,3,5,1.3,4.75,12.0
2022-02-27,Olympiakos,OFI Crete,2,0,17,3,12,0,12,4,1.33,4.75,12.0
2022-02-27,Panathinaikos,AEK,3,0,9,6,8,3,6,6,2.6,3.2,2.8
2022-02-28,Apollon,Atromitos,0,2,4,7,3,4,5,4,2.6,3.0,3.1
2022-02-28,Giannina,Lamia,1,0,5,5,3,3,4,2,1.83,3.25,5.0
2022-03-02,Olympiakos,Asteras Tripolis,5,1,12,8,8,4,9,3,1.36,4.5,10.0
2022-03-02,AEK,PAOK,1,1,12,5,3,2,12,1,2.37,3.3,3.1
2022-03-03,Atromitos,Volos NFC,2,1,11,10,8,3,2,4,1.75,3.6,4.75
2022-03-06,AEK,Asteras Tripolis,2,1,5,6,4,1,5,2,1.72,3.6,5.0
2022-03-06,Aris,Olympiakos,2,1,8,5,3,2,1,2,3.5,2.75,2.5
2022-03-06,Atromitos,Panathinaikos,0,2,4,8,0,7,3,6,4.0,3.1,2.05
2022-03-06,Ionikos,Panetolikos,1,2,13,9,5,4,4,6,2.3,2.9,3.6
2022-03-06,Lamia,PAOK,0,2,4,9,1,5,5,5,5.75,3.6,1.65
2022-03-06,OFI Crete,Apollon,2,0,12,2,4,1,8,1,1.5,3.8,8.5
2022-03-06,Volos NFC,Giannina,0,0,18,11,9,6,8,7,3.4,3.4,2.15
2022-03-13,Olympiakos,Aris,2,1,12,8,8,4,7,1,1.61,3.7,6.0
2022-03-13,Panathinaikos,AEK,1,1,2,9,2,2,1,7,2.1,3.3,3.6
2022-03-13,PAOK,Giannina,1,0,10,7,8,1,7,2,1.36,4.2,10.0
2022-03-19,OFI Crete,Ionikos,2,3,11,7,6,5,7,6,2.05,3.25,4.0
2022-03-19,Atromitos,Apollon,1,0,8,4,2,0,2,2,1.65,3.75,5.75
2022-03-19,Volos NFC,Asteras Tripolis,0,2,9,8,2,6,7,4,2.8,3.2,2.62
2022-03-19,Panetolikos,Lamia,1,2,9,5,4,3,5,1,2.0,3.3,4.2
2022-03-20,Giannina,Olympiakos,1,1,8,6,2,4,3,3,5.75,3.4,1.72
2022-03-20,Aris,Panathinaikos,0,0,5,5,1,3,4,3,2.15,3.1,3.8
2022-03-20,AEK,PAOK,0,1,5,6,2,4,5,4,2.0,3.3,4.0
2022-04-02,Lamia,OFI Crete,1,2,11,5,4,4,6,1,2.15,3.25,3.5
2022-04-02,Asteras Tripolis,Atromitos,0,0,7,1,4,1,9,4,2.0,3.5,4.0
2022-04-02,Ionikos,Volos NFC,2,2,13,13,10,7,3,5,2.2,3.2,3.5
2022-04-02,Apollon,Panetolikos,1,0,3,4,2,2,6,8,2.87,3.1,2.6
2022-04-03,Aris,Giannina,0,0,14,2,5,0,10,2,1.57,3.8,6.5
2022-04-03,Panathinaikos,PAOK,2,1,9,5,5,2,8,5,2.55,3.1,3.0
2022-04-03,Olympiakos,AEK,1,1,11,8,3,5,5,6,1.66,4.0,5.0
2022-04-09,Volos NFC,Lamia,3,0,12,6,9,2,4,5,3.3,3.4,2.2
2022-04-09,OFI Crete,Apollon,1,2,17,4,4,4,7,3,1.83,3.5,4.5
2022-04-09,Asteras Tripolis,Ionikos,2,3,10,5,4,3,4,3,1.9,3.4,4.33
2022-04-09,Panetolikos,Atromitos,2,3,8,12,3,4,6,3,2.45,3.0,3.2
2022-04-10,Giannina,Panathinaikos,0,0,6,10,3,3,2,8,4.0,3.2,2.05
2022-04-10,AEK,Aris,1,2,13,12,6,6,9,4,1.9,3.4,4.33
2022-04-16,Apollon,Volos NFC,1,1,4,8,2,2,2,5,2.1,3.25,3.6
2022-04-16,Panetolikos,Asteras Tripolis,0,0,6,7,3,4,3,3,2.4,3.1,3.2
2022-04-17,Atromitos,OFI Crete,1,1,6,10,3,4,6,3,2.0,3.25,4.0
2022-04-17,Lamia,Ionikos,0,1,10,11,3,7,6,7,1.85,3.4,4.5
2022-04-17,Aris,PAOK,1,0,14,6,6,2,8,3,2.37,3.0,3.4
2022-04-17,Panathinaikos,Olympiakos,1,0,4,4,3,2,9,3,3.0,3.1,2.5
2022-04-18,Giannina,AEK,2,3,5,8,2,5,1,3,5.25,3.4,1.75
2022-04-30,OFI Crete,Panetolikos,0,1,10,6,4,5,8,5,2.15,3.3,3.5
2022-04-30,Volos NFC,Atromitos,1,1,16,4,7,4,7,3,2.37,3.25,3.1
2022-05-01,Olympiakos,Giannina,3,2,18,4,8,3,11,3,1.33,5.0,10.0
2022-05-01,Panathinaikos,Aris,1,0,9,4,6,1,3,3,2.05,2.9,4.33
2022-05-01,PAOK,AEK,1,1,7,10,4,4,1,4,2.25,3.1,3.5
2022-05-02,Asteras Tripolis,Lamia,0,2,6,2,4,2,4,1,1.9,3.1,4.75
2022-05-02,Ionikos,Apollon,5,1,10,16,7,10,3,9,2.75,3.1,2.7
2022-05-04,PAOK,Olympiakos,1,2,6,12,1,4,7,4,2.6,3.2,2.8
2022-05-07,Apollon,Lamia,0,0,9,5,3,2,3,6,2.75,2.8,3.0
2022-05-07,Atromitos,Ionikos,0,1,8,8,2,5,4,2,2.1,3.2,3.8
2022-05-07,Panetolikos,Volos NFC,0,0,15,11,6,4,11,5,1.95,3.4,4.2
2022-05-08,OFI Crete,Asteras Tripolis,1,0,13,10,7,6,1,2,2.4,3.1,2.62
2022-05-08,Giannina,PAOK,1,0,4,3,2,1,1,4,4.0,3.0,1.9
2022-05-08,AEK,Panathinaikos,0,0,9,6,3,2,4,6,1.95,3.0,3.6
2022-05-08,Aris,Olympiakos,0,1,9,5,5,4,8,6,1.66,3.4,5.0
2022-05-11,PAOK,Aris,0,1,5,6,3,1,5,7,1.95,3.25,4.33
2022-05-11,AEK,Giannina,3,0,13,8,7,3,8,3,1.36,5.0,8.5
2022-05-11,Olympiakos,Panathinaikos,1,2,16,6,9,3,6,3,1.95,3.2,4.33
2022-05-14,Volos NFC,OFI Crete,5,0,11,16,8,8,2,7,2.3,3.5,3.0
2022-05-14,Aris,AEK,3,2,12,7,11,4,7,4,2.45,3.1,3.25
2022-05-14,Olympiakos,PAOK,1,1,11,7,6,3,8,1,2.0,3.3,4.0
2022-05-14,Panathinaikos,Giannina,4,0,24,5,8,3,16,1,1.33,4.5,13.0
2022-05-15,Asteras Tripolis,Apollon,2,2,10,8,3,2,6,6,1.45,4.0,7.5
2022-05-15,Ionikos,Panetolikos,3,1,13,12,7,6,9,8,2.1,3.25,3.8
2022-05-15,Lamia,Atromitos,0,0,10,10,5,5,2,5,2.62,3.2,2.87
2022-05-17,AEK,Olympiakos,2,3,10,19,8,11,2,6,2.25,3.3,3.3
2022-05-17,Giannina,Aris,0,3,6,7,4,3,5,9,4.33,3.3,1.95
2022-05-17,PAOK,Panathinaikos,2,0,8,5,7,0,6,3,2.2,3.25,3.4
2020-09-11,Aris,Lamia,3,1,10,6,9,2,7,0,1.5,4.0,7.0
2020-09-11,PAOK,Larisa,1,0,15,5,8,1,9,3,1.2,6.0,15.0
2020-09-12,OFI Crete,Panetolikos,1,1,3,8,2,4,1,2,1.72,3.4,4.5
2020-09-13,Atromitos,Volos NFC,0,2,5,7,2,5,2,2,1.61,3.6,5.0
2020-09-13,Asteras Tripolis,Panathinaikos,1,0,8,8,3,5,1,3,2.7,3.1,2.5
2020-09-18,PAOK,Atromitos,1,1,10,6,5,1,7,3,1.4,4.0,7.0
2020-09-18,Olympiakos,Asteras Tripolis,3,0,14,8,11,3,4,5,1.2,6.0,13.0
2020-09-19,Panetolikos,AEK,0,2,2,8,0,5,1,7,7.0,3.75,1.53
2020-09-20,Lamia,OFI Crete,1,2,11,4,3,2,4,4,2.75,3.1,2.62
2020-09-20,Volos NFC,Aris,0,1,4,9,1,5,2,6,3.75,3.1,2.1
2020-09-26,Volos NFC,PAOK,0,0,5,12,3,6,2,5,11.0,5.75,1.25
2020-09-26,Olympiakos,Panetolikos,2,0,10,3,4,2,8,5,1.25,5.75,11.0
2020-09-27,Aris,Giannina,2,2,10,6,6,3,4,3,1.53,3.8,6.5
2020-09-27,OFI Crete,Atromitos,2,2,11,10,8,4,4,3,2.25,3.0,3.5
2020-09-27,AEK,Lamia,3,0,17,8,12,7,7,5,1.28,5.5,9.0
2020-09-28,Larisa,Panathinaikos,1,1,3,6,3,2,3,4,3.4,3.2,2.2
2020-10-03,Panetolikos,Asteras Tripolis,1,1,6,10,4,4,3,15,2.45,3.25,2.87
2020-10-04,Panathinaikos,Aris,0,1,8,6,2,3,8,2,1.95,3.3,4.0
2020-10-04,Apollon,Larisa,1,0,7,10,4,6,3,6,2.62,3.1,2.8
2020-10-04,PAOK,OFI Crete,3,0,11,8,7,5,8,4,1.25,5.5,12.0
2020-10-04,Giannina,Olympiakos,1,1,7,10,7,3,4,7,8.0,4.75,1.36
2020-10-04,Atromitos,AEK,1,0,9,5,6,1,2,0,3.75,3.4,2.0
2020-10-05,Lamia,Volos NFC,1,2,5,6,5,5,0,4,2.4,3.1,3.0
2020-10-17,Volos NFC,Giannina,2,1,10,7,4,3,4,4,2.2,3.1,3.25
2020-10-17,Aris,Apollon,1,0,6,2,3,0,0,4,1.55,3.6,5.75
2020-10-17,Olympiakos,Atromitos,4,0,12,7,4,1,6,1,1.28,4.75,10.0
2020-10-18,OFI Crete,Panathinaikos,2,2,8,12,5,10,9,5,3.0,3.25,2.2
2020-10-18,Larisa,Asteras Tripolis,1,3,12,10,7,5,5,5,2.37,3.2,2.8
2020-10-18,AEK,PAOK,1,1,2,13,2,4,2,2,2.87,3.0,2.45
2020-10-19,Lamia,Panetolikos,0,0,7,3,6,1,4,3,2.3,3.1,3.3
2020-10-21,Apollon,Giannina,1,2,8,11,5,4,3,3,2.4,2.9,3.25
2020-10-24,Panathinaikos,Volos NFC,1,1,7,10,3,5,9,5,1.5,4.0,7.0
2020-10-25,Asteras Tripolis,OFI Crete,1,0,4,4,3,3,5,5,2.05,3.5,3.5
2020-10-25,Giannina,AEK,0,1,7,8,1,5,3,3,5.5,3.5,1.66
2020-10-26,Atromitos,Panetolikos,2,0,5,2,3,1,4,7,1.85,3.5,4.2
2020-10-31,Olympiakos,Apollon,2,0,12,11,10,5,11,7,1.12,8.5,17.0
2020-10-31,Atromitos,Giannina,0,2,3,9,1,5,0,5,1.85,3.0,5.25
2020-10-31,Volos NFC,Larisa,1,1,8,9,5,4,3,2,2.3,2.9,3.6
2020-10-31,Lamia,Panathinaikos,0,2,4,11,0,6,1,9,5.0,2.9,1.9
2020-11-01,Aris,Asteras Tripolis,1,0,9,4,6,3,6,3,1.83,3.2,4.75
2020-11-01,Panetolikos,PAOK,1,3,4,11,2,9,0,9,,,
2020-11-01,AEK,OFI Crete,2,1,13,6,8,3,4,0,1.33,5.0,9.0
2020-11-03,Panathinaikos,Apollon,1,0,4,4,1,2,5,4,1.4,4.33,9.0
2020-11-04,Giannina,Larisa,1,2,7,6,3,5,0,5,1.8,3.6,4.33
2020-11-07,Giannina,Panetolikos,0,0,9,3,3,1,7,2,1.9,3.1,4.5
2020-11-07,Panathinaikos,Atromitos,0,1,8,6,3,2,3,5,1.75,3.6,4.75
2020-11-08,OFI Crete,Olympiakos,0,2,4,9,1,6,3,6,8.0,5.25,1.33
2020-11-08,Apollon,PAOK,1,3,5,9,1,8,7,4,7.0,4.75,1.4
2020-11-21,Lamia,Asteras Tripolis,2,2,6,6,4,2,3,5,3.4,3.0,2.25
2020-11-21,Atromitos,Apollon,2,2,11,7,6,6,13,2,1.8,3.25,5.0
2020-11-21,Olympiakos,Panathinaikos,1,0,6,6,3,1,3,5,1.5,4.2,6.5
2020-11-22,AEK,Larisa,4,1,10,1,5,1,11,2,1.25,5.5,11.0
2020-11-22,Panetolikos,Aris,0,1,6,5,3,3,7,4,3.25,3.1,2.3
2020-11-22,PAOK,Giannina,2,1,15,2,7,1,13,1,1.25,5.5,12.0
2020-11-23,Volos NFC,OFI Crete,1,4,9,12,6,7,7,5,2.5,3.3,2.75
2020-11-25,Asteras Tripolis,Apollon,0,0,10,3,3,2,3,9,1.55,4.0,6.0
2020-11-28,Larisa,Atromitos,0,0,6,5,3,2,5,3,2.87,3.1,2.45
2020-11-28,Aris,Olympiakos,1,2,7,7,3,5,7,1,5.25,4.2,1.57
2020-11-29,Panathinaikos,Panetolikos,2,1,5,2,5,1,4,3,1.36,4.5,9.5
2020-11-29,OFI Crete,Giannina,2,1,4,7,3,1,3,7,2.1,3.4,3.3
2020-11-29,Lamia,PAOK,0,2,5,10,1,4,1,3,9.0,4.5,1.36
2020-11-29,Asteras Tripolis,AEK,1,2,4,10,1,5,2,2,4.0,3.3,1.95
2020-11-30,Apollon,Volos NFC,3,3,16,6,10,3,2,8,2.3,3.25,3.1
2020-12-02,Larisa,Aris,0,3,8,9,5,6,7,6,2.9,2.8,2.75
2020-12-05,Atromitos,Aris,2,2,5,6,3,3,1,3,2.5,3.0,3.0
2020-12-05,Olympiakos,Volos NFC,4,1,15,5,7,3,6,2,1.16,7.5,13.0
2020-12-06,OFI Crete,Apollon,0,2,15,6,7,4,7,4,1.75,3.6,4.5
2020-12-06,Giannina,Lamia,2,0,6,3,2,1,10,4,1.8,3.4,4.75
2020-12-06,PAOK,Asteras Tripolis,2,0,6,4,2,1,5,4,1.28,5.5,10.0
2020-12-06,AEK,Panathinaikos,1,2,7,7,2,4,9,2,1.85,3.4,4.2
2020-12-07,Panetolikos,Larisa,2,1,4,10,3,6,1,7,2.45,3.0,3.1
2020-12-09,Asteras Tripolis,Volos NFC,1,1,4,5,2,1,5,1,1.7,3.3,5.5
2020-12-12,Larisa,OFI Crete,0,1,5,10,1,3,2,5,2.62,3.2,2.8
2020-12-12,Panathinaikos,Giannina,2,0,8,12,6,4,5,1,1.55,4.0,6.0
2020-12-13,Lamia,Olympiakos,0,6,6,11,2,9,3,9,17.0,5.5,1.2
2020-12-13,Apollon,AEK,3,4,6,9,3,9,2,7,7.0,3.75,1.53
2020-12-13,Volos NFC,Panetolikos,0,0,14,0,5,0,10,4,2.15,3.0,3.75
2020-12-13,Aris,PAOK,1,0,5,8,3,3,0,5,3.2,3.25,2.25
2020-12-14,Asteras Tripolis,Atromitos,2,0,17,2,9,1,4,3,2.2,3.0,3.6
2020-12-16,AEK,Olympiakos,1,1,7,7,3,3,9,4,4.0,3.1,2.05
2020-12-19,Panetolikos,Apollon,0,1,5,3,3,3,3,2,2.3,3.1,3.2
2020-12-19,OFI Crete,Aris,0,3,10,6,1,3,5,3,2.9,3.1,2.5
2020-12-20,Olympiakos,Larisa,5,1,12,5,9,3,8,3,1.16,7.5,13.0
2020-12-20,PAOK,Panathinaikos,2,1,12,7,4,3,6,1,1.6,3.75,6.0
2020-12-21,Giannina,Asteras Tripolis,2,2,6,13,2,7,2,2,2.5,2.9,3.1
2020-12-21,AEK,Volos NFC,2,2,10,6,5,3,9,5,1.33,5.0,8.5
2021-01-03,Panathinaikos,Asteras Tripolis,0,0,3,7,1,3,2,3,1.83,3.6,4.33
2021-01-03,Panetolikos,OFI Crete,2,1,6,9,4,4,7,3,2.9,2.9,2.7
2021-01-03,Giannina,Apollon,1,3,6,8,2,5,4,2,1.9,3.25,4.2
2021-01-03,Larisa,PAOK,1,1,6,14,4,8,2,12,9.0,4.2,1.4
2021-01-03,Olympiakos,AEK,3,0,7,5,3,3,3,1,1.55,4.0,6.0
2021-01-04,Volos NFC,Atromitos,1,0,5,11,2,6,7,3,2.75,3.2,2.6
2021-01-04,Lamia,Aris,2,0,3,7,3,3,4,5,5.25,3.75,1.65
2021-01-06,Apollon,Panathinaikos,0,1,8,3,6,2,3,3,3.4,3.5,2.1
2021-01-06,AEK,Panetolikos,1,0,10,2,6,1,5,2,1.18,6.5,17.0
2021-01-06,Larisa,Giannina,0,0,5,8,1,3,3,4,2.5,3.2,2.87
2021-01-06,Asteras Tripolis,Olympiakos,0,4,6,10,0,7,1,2,7.5,4.2,1.4
2021-01-07,Aris,Volos NFC,2,0,9,1,5,0,3,3,1.45,4.2,6.5
2021-01-07,OFI Crete,Lamia,2,0,9,6,4,4,4,1,1.57,3.75,5.75
2021-01-07,Atromitos,PAOK,3,2,12,6,9,4,2,4,5.25,3.6,1.65
2021-01-09,Panetolikos,Olympiakos,1,2,6,9,5,5,2,4,9.0,5.5,1.3
2021-01-10,PAOK,Volos NFC,3,1,12,6,7,4,5,3,1.14,7.5,17.0
2021-01-10,Apollon,Asteras Tripolis,0,1,6,3,4,2,7,3,2.7,2.8,2.9
2021-01-10,Atromitos,OFI Crete,0,0,13,6,5,4,0,7,2.0,3.1,4.33
2021-01-10,Panathinaikos,Larisa,2,0,8,6,7,3,1,4,1.5,4.0,6.5
2021-01-11,Giannina,Aris,0,0,6,8,1,3,4,6,3.2,3.1,2.3
2021-01-11,Lamia,AEK,0,1,2,7,0,5,1,2,8.5,4.75,1.36
2021-01-13,PAOK,Olympiakos,1,1,17,6,7,4,4,5,3.2,3.1,2.3
2021-01-14,Aris,AEK,0,1,3,6,1,4,4,1,2.87,3.1,2.5
2021-01-14,Atromitos,Lamia,2,1,7,5,2,2,7,1,1.57,3.6,6.5
2021-01-16,Asteras Tripolis,Panetolikos,2,0,14,2,8,2,2,1,1.72,3.5,5.0
2021-01-16,Larisa,Apollon,0,1,9,7,3,3,1,6,2.45,2.75,3.4
2021-01-17,Olympiakos,Giannina,1,0,10,8,5,3,8,2,1.2,6.0,15.0
2021-01-17,OFI Crete,PAOK,0,3,3,17,1,10,2,6,6.0,4.0,1.53
2021-01-17,Volos NFC,Lamia,1,1,10,9,7,6,6,3,1.95,3.4,3.75
2021-01-17,Aris,Panathinaikos,0,1,13,5,7,2,9,0,2.2,3.1,3.5
2021-01-17,AEK,Atromitos,2,1,14,6,8,5,4,2,1.5,3.6,6.5
2021-01-23,Asteras Tripolis,Larisa,1,0,8,2,3,1,4,3,1.66,3.6,4.5
2021-01-23,Apollon,Aris,0,1,3,8,1,6,1,6,3.4,3.1,2.1
2021-01-23,Panathinaikos,OFI Crete,2,0,8,4,5,1,6,3,1.4,4.33,8.0
2021-01-24,Atromitos,Olympiakos,0,1,3,10,0,4,3,5,6.5,4.33,1.4
2021-01-24,Giannina,Volos NFC,0,1,7,5,1,3,5,1,1.9,3.3,3.6
2021-01-24,Panetolikos,Lamia,0,0,10,10,4,6,2,7,2.1,3.0,3.5
2021-01-24,PAOK,AEK,2,2,7,9,5,6,7,4,2.0,3.2,3.6
2021-01-26,OFI Crete,Asteras Tripolis,0,1,11,5,6,4,4,2,2.1,3.1,3.8
2021-01-26,Aris,Larisa,1,0,7,2,5,0,3,4,1.4,4.33,9.0
2021-01-27,Volos NFC,Panathinaikos,0,2,10,5,4,4,10,2,4.2,2.87,2.1
2021-01-27,AEK,Giannina,0,2,7,5,3,3,5,2,1.28,5.25,9.0
2021-01-27,Lamia,Apollon,1,0,9,4,4,2,4,2,2.2,3.3,3.1
2021-01-27,Olympiakos,PAOK,3,0,9,4,7,4,1,4,1.83,3.4,4.5
2021-01-28,Panetolikos,Atromitos,1,1,7,5,4,1,6,2,3.25,2.8,2.4
2021-01-30,Larisa,Volos NFC,0,0,3,4,0,1,2,10,2.45,3.0,3.1
2021-01-30,Asteras Tripolis,Aris,2,1,5,6,2,4,1,7,2.75,3.1,2.62
2021-01-30,Panathinaikos,Lamia,0,0,9,4,7,2,8,2,1.36,4.33,9.5
2021-01-31,OFI Crete,AEK,0,2,6,5,3,4,3,6,4.75,3.5,1.75
2021-01-31,Giannina,Atromitos,0,1,6,10,2,6,9,1,2.5,3.0,3.0
2021-01-31,PAOK,Panetolikos,5,0,9,4,7,0,4,5,1.14,8.0,15.0
2021-01-31,Apollon,Olympiakos,1,3,3,12,3,7,1,9,15.0,6.5,1.16
2021-02-06,Atromitos,Panathinaikos,2,3,9,6,5,5,6,6,3.5,3.3,2.1
2021-02-07,PAOK,Apollon,2,2,15,5,7,2,15,2,1.25,5.5,8.0
2021-02-07,Olympiakos,OFI Crete,3,0,16,7,7,2,7,1,1.22,6.5,11.0
2021-02-07,Volos NFC,Asteras Tripolis,0,1,8,7,3,2,3,0,2.7,3.25,2.55
2021-02-07,AEK,Aris,0,2,4,7,3,4,4,3,2.0,3.3,3.75
2021-02-08,Panetolikos,Giannina,1,2,6,5,2,3,4,5,2.8,3.25,2.5
2021-02-13,Asteras Tripolis,Lamia,0,0,7,6,2,2,11,4,1.9,3.1,4.5
2021-02-13,Apollon,Atromitos,2,1,3,13,3,5,1,3,2.62,3.1,2.75
2021-02-14,Aris,Panetolikos,0,0,6,2,4,0,7,2,1.3,4.5,10.0
2021-02-14,OFI Crete,Volos NFC,1,2,10,12,4,5,3,1,1.95,3.4,3.5
2021-02-14,Panathinaikos,Olympiakos,2,1,5,13,3,5,4,2,4.0,3.5,1.83
2021-02-15,Giannina,PAOK,0,2,1,11,1,6,2,7,7.0,3.8,1.55
2021-02-15,Larisa,AEK,2,4,6,13,4,5,2,3,6.5,3.75,1.5
2021-02-18,Apollon,Lamia,0,1,9,6,4,2,8,0,2.55,3.0,3.0
2021-02-20,Atromitos,Larisa,1,1,10,9,4,6,5,5,1.9,3.0,4.75
2021-02-20,AEK,Asteras Tripolis,2,2,11,8,8,5,7,5,1.36,4.75,8.0
2021-02-21,PAOK,Lamia,4,0,17,1,10,0,4,2,1.18,6.0,15.0
2021-02-21,Volos NFC,Apollon,2,0,11,9,4,5,2,6,2.37,2.87,3.4
2021-02-21,Giannina,OFI Crete,1,0,5,4,2,2,3,5,2.37,2.75,3.5
2021-02-21,Olympiakos,Aris,1,1,8,7,4,4,10,2,1.5,4.0,7.5
2021-02-22,Panetolikos,Panathinaikos,1,0,4,7,3,3,2,8,5.5,3.2,1.72
2021-02-24,Larisa,Lamia,0,1,7,11,1,6,5,4,2.4,3.2,3.0
2021-02-27,Apollon,OFI Crete,2,1,10,11,5,6,5,4,2.4,3.0,3.1
2021-02-27,Asteras Tripolis,PAOK,2,1,6,10,3,6,2,2,5.75,4.5,1.5
2021-02-28,Aris,Atromitos,3,0,13,4,4,1,5,2,1.55,3.75,6.5
2021-02-28,Lamia,Giannina,0,0,3,5,2,2,4,1,2.45,3.0,3.2
2021-02-28,Larisa,Panetolikos,1,0,4,2,1,1,6,2,2.45,3.1,3.1
2021-02-28,Panathinaikos,AEK,1,1,4,7,3,4,4,3,2.7,3.2,2.55
2021-03-01,Volos NFC,Olympiakos,1,2,3,8,2,5,1,4,8.0,5.0,1.28
2021-03-06,OFI Crete,Larisa,2,3,8,8,4,5,5,1,1.7,3.4,4.75
2021-03-06,Atromitos,Asteras Tripolis,1,1,5,9,3,6,1,2,3.4,2.75,2.5
2021-03-06,Giannina,Panathinaikos,1,0,5,4,1,1,5,2,3.5,3.0,2.25
2021-03-07,Olympiakos,Lamia,3,0,9,3,5,1,6,3,1.16,7.0,15.0
2021-03-07,Panetolikos,Volos NFC,1,0,3,1,1,1,1,3,2.0,3.2,4.0
2021-03-07,PAOK,Aris,2,2,10,6,6,3,7,3,1.7,3.8,5.0
2021-03-08,AEK,Apollon,2,0,10,2,6,0,4,1,1.33,5.0,9.0
2021-03-10,Lamia,Larisa,2,1,6,6,4,3,3,2,2.0,3.1,3.6
2021-03-14,Apollon,Panetolikos,1,0,8,9,5,4,3,4,2.05,3.1,3.5
2021-03-14,Aris,OFI Crete,1,0,8,3,4,0,7,1,1.36,4.33,7.5
2021-03-14,Asteras Tripolis,Giannina,0,1,8,8,2,1,5,4,2.0,3.2,3.5
2021-03-14,Lamia,Atromitos,0,0,4,6,2,2,5,4,2.6,2.8,2.8
2021-03-14,Larisa,Olympiakos,1,3,11,9,6,7,2,5,5.75,3.8,1.5
2021-03-14,Panathinaikos,PAOK,2,1,5,12,2,3,1,6,3.4,3.1,2.1
2021-03-14,Volos NFC,AEK,1,0,8,6,3,0,4,3,5.25,3.4,1.65
2021-03-20,Apollon,Larisa,0,2,10,9,5,7,7,3,2.0,3.3,3.6
2021-03-20,Volos NFC,OFI Crete,0,0,5,3,2,1,5,2,2.25,3.1,3.1
2021-03-20,Giannina,Atromitos,1,0,11,9,7,4,4,3,2.15,3.1,3.3
2021-03-20,Panetolikos,Lamia,0,3,10,5,4,3,8,2,2.5,2.87,3.1
2021-03-21,Asteras Tripolis,Panathinaikos,2,2,11,7,7,4,1,4,2.8,3.2,2.37
2021-03-21,Olympiakos,Aris,1,0,3,8,1,6,4,9,1.6,3.8,4.75
2021-03-21,PAOK,AEK,3,1,10,7,5,4,2,9,1.75,3.3,4.5
2021-04-03,Atromitos,Apollon,1,1,4,3,2,1,6,4,1.8,3.1,5.25
2021-04-03,OFI Crete,Giannina,2,1,6,7,5,4,6,1,2.2,3.25,3.25
2021-04-03,Lamia,Volos NFC,1,1,3,4,1,1,2,7,1.85,3.25,4.5
2021-04-03,Larisa,Panetolikos,1,1,13,5,9,4,8,5,1.95,3.25,4.0
2021-04-04,Panathinaikos,PAOK,3,0,3,9,3,3,1,14,3.8,3.1,2.1
2021-04-04,Aris,Asteras Tripolis,2,0,10,7,7,1,4,5,1.57,3.6,6.5
2021-04-04,AEK,Olympiakos,1,5,6,6,3,5,1,1,3.2,3.2,2.3
2021-04-10,Volos NFC,Panetolikos,3,1,9,14,7,8,4,6,2.2,3.2,3.3
2021-04-10,Apollon,OFI Crete,0,0,7,3,3,0,1,4,2.4,3.2,3.0
2021-04-10,Atromitos,Larisa,0,1,8,5,3,3,4,4,2.4,3.2,3.0
2021-04-11,Aris,AEK,1,3,6,7,5,7,5,2,2.1,3.2,3.6
2021-04-11,Asteras Tripolis,PAOK,1,1,4,7,2,4,2,4,4.75,3.6,1.72
2021-04-11,Olympiakos,Panathinaikos,3,1,12,5,6,2,4,3,1.5,4.2,6.0
2021-04-12,Giannina,Lamia,1,2,7,7,4,5,4,3,,,
2021-04-17,OFI Crete,Atromitos,1,1,10,6,5,5,5,3,1.9,3.4,4.0
2021-04-17,Panetolikos,Apollon,1,0,4,5,0,1,7,4,1.9,3.2,4.33
2021-04-17,Volos NFC,Giannina,1,1,5,10,3,6,5,3,2.8,2.87,2.8
2021-04-18,Panathinaikos,Aris,1,2,2,11,2,6,0,5,2.5,3.1,2.9
2021-04-18,AEK,Asteras Tripolis,3,1,12,4,8,3,6,0,1.57,3.75,6.0
2021-04-18,PAOK,Olympiakos,2,0,7,10,4,4,3,4,2.37,3.2,3.1
2021-04-19,Lamia,Larisa,0,0,8,4,3,2,7,2,2.45,2.75,3.4
2021-04-21,Olympiakos,Asteras Tripolis,1,0,7,7,4,1,3,0,1.22,6.0,13.0
2021-04-21,Aris,PAOK,0,1,7,8,3,4,9,2,2.8,3.2,2.5
2021-04-21,AEK,Panathinaikos,1,1,9,2,5,2,11,2,1.85,3.4,4.33
2021-04-24,Giannina,Panetolikos,0,1,4,5,2,3,4,2,2.7,3.1,2.5
2021-04-24,Larisa,OFI Crete,0,1,5,6,1,4,5,4,2.15,3.1,3.3
2021-04-24,Atromitos,Lamia,0,0,3,4,1,1,1,1,2.3,2.62,3.3
2021-04-25,PAOK,Panathinaikos,0,0,8,3,4,0,4,3,1.45,3.8,7.0
2021-04-25,Asteras Tripolis,Aris,1,1,5,10,2,3,8,4,,,
2021-04-25,Olympiakos,AEK,2,0,12,8,4,2,6,3,1.53,4.0,6.0
2021-04-26,Apollon,Volos NFC,0,0,8,6,2,1,3,2,2.3,3.0,3.0
2021-05-05,Aris,Olympiakos,1,1,6,7,4,3,3,4,2.0,3.6,3.2
2021-05-05,Panathinaikos,Asteras Tripolis,2,2,11,4,4,3,3,1,1.66,3.4,5.0
2021-05-05,AEK,PAOK,1,2,10,8,5,4,3,2,2.62,3.0,2.62
2021-05-08,Lamia,OFI Crete,0,2,5,4,2,3,4,3,7.0,3.5,1.5
2021-05-08,Panetolikos,Atromitos,1,3,8,5,3,4,6,0,1.75,3.0,5.25
2021-05-08,Volos NFC,Larisa,3,1,8,8,5,4,3,2,2.37,3.4,2.62
2021-05-09,PAOK,Aris,2,0,12,3,7,2,3,6,1.61,3.25,6.0
2021-05-09,Asteras Tripolis,Olympiakos,0,0,6,6,0,1,3,4,4.5,3.4,1.72
2021-05-09,Panathinaikos,AEK,0,1,4,3,2,1,6,5,2.3,3.1,3.0
2021-05-12,Aris,Panathinaikos,0,0,19,3,7,1,9,4,1.9,3.3,3.8
2021-05-12,Asteras Tripolis,AEK,1,1,8,7,4,4,3,5,4.0,3.2,1.85
2021-05-12,Olympiakos,PAOK,1,0,14,4,6,1,4,1,1.9,3.4,3.5
2021-05-15,Apollon,Lamia,0,1,9,7,3,3,9,3,2.15,3.3,3.1
2021-05-15,Atromitos,Volos NFC,1,0,6,6,4,1,3,5,1.95,3.4,3.4
2021-05-15,OFI Crete,Panetolikos,2,2,5,7,4,4,2,1,1.5,3.8,6.0
2021-05-16,AEK,Aris,0,0,5,4,3,2,8,2,2.15,3.2,3.2
2021-05-16,Larisa,Giannina,2,0,7,12,4,4,4,8,,,
2021-05-16,Panathinaikos,Olympiakos,1,4,9,12,5,8,6,4,4.75,3.6,1.65
2021-05-16,PAOK,Asteras Tripolis,0,1,7,3,4,2,8,4,1.33,4.5,8.0
2021-05-19,Giannina,Apollon,0,2,8,13,2,8,2,2,2.15,2.9,4.0